BHID,FROM,TO,THICKNESS,Cu%
MHCM01,78.35,83.75,5.4,0.23
MHCM01,93.75,98.75,5,0.22
MHCM02,63.5,66.5,3,0.23
MHCM03,126.2,136.86,10.66,0.42
MHCM03,139.7,155.75,16.05,0.3
MHCM04,145.9,148.6,2.7,0.37
MHCM04,156,158,2,0.22
MHCM06,164.92,168,3.08,0.43
MHCM06,187.9,192.8,4.9,1.2
MHCM08,140.5,144,3.5,0.23
MHCM09,132.8,140.5,7.7,0.25
MHCM09,143.8,147.5,3.7,0.2
MHCM14,82.2,85.5,3.3,0.26
MHCM15,241,259,18,0.6
MNJ001,127.30,128.30,1.00,0.073
MNJ001,128.30,129.30,1.00,0.053
MNJ001,131.30,132.30,1.00,0.037
MNJ001,132.30,133.30,1.00,0.034
MNJ001,133.30,134.30,1.00,0.005
MNJ001,134.30,135.30,1.00,0.234
MNJ001,141.30,142.30,1.00,0.100
MNJ001,142.30,143.30,1.00,0.004
MNJ001,143.30,144.30,1.00,0.004
MNJ001,144.30,145.30,1.00,0.006
MNJ001,145.30,146.30,1.00,0.001
MNJ001,146.30,147.30,1.00,0.136
MNJ001,147.30,148.30,1.00,0.003
MNJ001,153.30,154.30,1.00,0.042
MNJ001,204.80,205.80,1.00,0.139
MNJ001,205.80,206.80,1.00,0.102
MNJ001,206.80,207.80,1.00,0.032
MNJ001,207.80,208.80,1.00,0.004
MNJ001,208.80,209.80,1.00,0.097
MNJ001,209.80,210.80,1.00,0.023
MNJ001,210.80,211.80,1.00,0.042
MNJ001,211.80,212.80,1.00,0.086
MNJ001,212.80,213.80,1.00,0.062
MNJ001,213.80,214.80,1.00,0.076
MNJ001,214.80,215.80,1.00,0.313
MNJ001,221.30,221.80,0.50,0.01
MNJ001,221.80,222.30,0.50,0.002
MNJ001,222.30,222.80,0.50,0.063
MNJ001,222.80,223.30,0.50,0.001
MNJ001,223.30,223.80,0.50,0.002
MNJ001,223.80,224.30,0.50,0.027
MNJ001,224.30,224.80,0.50,1.432
MNJ001,224.80,225.30,0.50,0.034
MNJ001,225.30,225.80,0.50,0.015
MNJ001,225.80,226.30,0.50,0.001
MNJ001,226.30,226.80,0.50,0.001
MNJ001,226.80,227.30,0.50,0.001
MNJ001,227.30,227.80,0.50,0.001
MNJ001,234.30,234.80,0.50,0.008
MNJ001,234.80,235.30,0.50,0.006
MNJ001,235.30,235.80,0.50,0.253
MNJ001,235.80,236.30,0.50,0.025
MNJ001,236.30,236.80,0.50,0.004
MNJ001,236.80,237.30,0.50,0.017
MNJ001,237.30,237.80,0.50,0.004
MNJ001,237.80,238.30,0.50,0.048
MNJ001,238.30,238.80,0.50,0.001
MNJ001,238.80,239.30,0.50,0.049
MNJ001,239.30,239.80,0.50,0.022
MNJ001,239.80,240.30,0.50,0.246
MNJ001,240.30,240.80,0.50,3.529
MNJ001,240.80,241.30,0.50,1.161
MNJ001,241.30,241.80,0.50,0.907
MNJ001,241.80,242.30,0.50,0.428
MNJ001,242.30,242.80,0.50,0.235
MNJ001,242.80,243.30,0.50,0.056
MNJ001,243.30,243.80,0.50,0.13
MNJ001,243.80,244.30,0.50,0.086
MNJ001,244.30,244.80,0.50,0.077
MNJ001,244.80,245.30,0.50,0.026
MNJ001,245.30,245.80,0.50,0.236
MNJ001,245.80,246.30,0.50,0.019
MNJ001,246.30,246.80,0.50,0.033
MNJ001,246.80,247.30,0.50,0.003
MNJ001,247.30,247.80,0.50,0.002
MNJ001,247.80,248.30,0.50,0.185
MNJ001,248.30,248.80,0.50,0.029
MNJ001,248.80,249.30,0.50,0.013
MNJ001,249.30,249.80,0.50,0.023
MNJ001,249.80,250.30,0.50,0.027
MNJ001,250.30,250.80,0.50,0.37
MNJ001,250.80,251.30,0.50,0.019
MNJ001,251.30,251.80,0.50,0.055
MNJ001,251.80,252.30,0.50,0.036
MNJ001,252.30,252.80,0.50,0.255
MNJ001,252.80,253.30,0.50,0.009
MNJ001,253.30,253.80,0.50,0.002
MNJ001,253.80,254.30,0.50,0.014
MNJ001,254.30,254.80,0.50,0.171
MNJ001,254.80,255.30,0.50,0.107
MNJ001,255.30,255.80,0.50,0.255
MNJ001,255.80,256.30,0.50,0.058
MNJ001,256.30,256.80,0.50,0.008
MNJ001,256.80,257.30,0.50,0.001
MNJ001,257.30,257.80,0.50,0.01
MNJ001,257.80,258.30,0.50,0.026
MNJ001,258.30,258.80,0.50,0.182
MNJ001,258.80,259.30,0.50,0.028
MNJ001,259.30,259.80,0.50,0.119
MNJ001,259.80,260.30,0.50,0.166
MNJ001,260.30,260.80,0.50,0.293
MNJ001,260.80,261.50,0.70,0.141
MNJ001,261.50,261.80,0.30,10.64
MNJ001,261.80,262.50,0.70,0.379
MNJ001,262.50,262.80,0.30,4.455
MNJ001,262.80,263.30,0.50,0.522
MNJ001,263.30,264.05,0.75,0.283
MNJ001,264.05,264.55,0.50,0.526
MNJ001,264.55,265.30,0.75,0.197
MNJ001,265.30,265.95,0.65,0.36
MNJ001,265.95,266.30,0.35,0.096
MNJ001,266.30,266.80,0.50,0.175
MNJ001,266.80,267.30,0.50,0.225
MNJ001,267.30,267.80,0.50,0.14
MNJ001,267.80,268.30,0.50,0.105
MNJ001,268.30,268.80,0.50,0.03
MNJ001,268.80,269.30,0.50,0.052
MNJ001,269.30,269.80,0.50,0.07
MNJ001,269.80,270.30,0.50,0.196
MNJ001,270.30,271.30,1.00,0.053
MNJ001,271.30,272.30,1.00,0.06
MNJ001,272.30,273.30,1.00,0.169
MNJ001,273.30,274.30,1.00,0.008
MNJ001,274.30,275.30,1.00,0.012
MNJ001,275.30,276.30,1.00,0.052
MNJ001,276.30,277.00,0.70,0.101
MNJ001,277.00,278.00,1.00,0.005
MNJ001,278.00,279.00,1.00,0.005
MNJ001,279.00,280.00,1.00,0.008
MNJ001,280.00,280.80,0.80,0.126
MNJ001,291.30,291.80,0.50,0.005
MNJ001,291.80,292.30,0.50,0.001
MNJ001,292.30,292.80,0.50,0.035
MNJ001,292.80,293.30,0.50,0.652
MNJ001,293.30,293.80,0.50,1.451
MNJ001,293.80,294.30,0.50,0.018
MNJ001,294.30,294.80,0.50,0.044
MNJ001,294.80,295.30,0.50,0.001
MNJ001,295.30,295.80,0.50,0.001
MNJ001,295.80,296.30,0.50,0.001
MNJ001,318.30,320.30,2.00,0.005
MNJ001,320.30,321.30,1.00,0.008
MNJ001,330.30,332.30,2.00,0.094
MNJ001,334.30,335.30,1.00,0.007
MNJ001,338.30,340.30,2.00,0.005
MNJ001,340.30,341.30,1.00,0.002
MNJ001,353.00,354.00,1.00,0.003
MNJ001,357.30,359.30,2.00,0.029
MNJ001,359.30,361.30,2.00,0.008
MNJ001,361.30,363.30,2.00,0.002
MNJ001,374.30,375.30,1.00,0.01
MNJ001,387.30,389.30,2.00,0.068
MNJ001,389.30,391.30,2.00,0.002
MNJ001,391.30,393.30,2.00,0.002
MNJ001,393.30,395.30,2.00,0.005
MNJ001,395.30,397.30,2.00,0.038
MNJ001,397.30,399.30,2.00,0.024
MNJ001,399.30,401.30,2.00,0.001
MNJ001,401.30,403.30,2.00,0.004
MNJ001,403.30,405.30,2.00,0.01
MNJ001,405.30,407.30,2.00,0.041
MNJ001,407.30,409.30,2.00,0.053
MNJ001,409.30,411.30,2.00,0.064
MNJ001,411.30,413.30,2.00,0.042
MNJ001,413.30,415.30,2.00,0.022
MNJ001,415.30,417.30,2.00,0.008
MNJ001,417.30,419.30,2.00,0.011
MNJ001,419.30,421.30,2.00,0.005
MNJ001,421.30,423.30,2.00,0.001
MNJ001,423.30,425.30,2.00,0.007
MNJ001,425.30,427.30,2.00,0.001
MNJ001,427.30,429.30,2.00,0.001
MNJ001,429.30,430.30,1.00,0.003
MNJ002,146.4,147.4,1.00,0.006
MNJ002,147.4,148.4,1.00,0.154
MNJ002,148.4,148.9,0.50,0.197
MNJ002,148.9,149.4,0.50,0.038
MNJ002,149.4,149.9,0.50,0.038
MNJ002,149.9,151.9,2.00,0.003
MNJ002,151.9,153.9,2.00,0.002
MNJ002,153.9,155.9,2.00,0.106
MNJ002,155.9,157.9,2.00,0.021
MNJ002,157.9,158.9,1.00,0.007
MNJ002,161.4,163.4,2.00,0.033
MNJ002,163.4,165.4,2.00,0.038
MNJ002,165.4,167.4,2.00,0.027
MNJ002,198.9,200.9,2.00,0.089
MNJ002,200.9,202.9,2.00,0.09
MNJ002,202.9,204.9,2.00,0.083
MNJ002,204.9,206.9,2.00,0.112
MNJ002,206.9,208.9,2.00,0.112
MNJ002,208.9,210.4,1.50,0.065
MNJ002,212.4,213.4,1.00,0.035
MNJ002,213.4,214.4,1.00,0.043
MNJ002,214.4,215.4,1.00,0.088
MNJ002,215.4,215.9,0.50,0.229
MNJ002,215.9,216.4,0.50,0.867
MNJ002,216.4,216.9,0.50,0.466
MNJ002,216.9,217.4,0.50,0.164
MNJ002,217.4,217.9,0.50,0.923
MNJ002,217.9,218.4,0.50,0.273
MNJ002,218.4,218.9,0.50,0.527
MNJ002,218.9,219.4,0.50,0.091
MNJ002,219.4,219.9,0.50,0.198
MNJ002,219.9,220.4,0.50,0.85
MNJ002,220.4,220.9,0.50,0.482
MNJ002,220.9,221.4,0.50,0.511
MNJ002,221.4,221.9,0.50,0.272
MNJ002,221.9,222.4,0.50,0.078
MNJ002,222.4,222.9,0.50,0.182
MNJ002,222.9,223.4,0.50,0.793
MNJ002,223.4,224.4,1.00,0.14
MNJ002,224.4,225.4,1.00,0.084
MNJ002,225.4,226.4,1.00,0.075
MNJ002,226.4,227.4,1.00,0.043
MNJ002,227.4,228.4,1.00,0.041
MNJ002,228.4,229.4,1.00,0.07
MNJ002,229.4,230.4,1.00,0.066
MNJ002,230.4,230.9,0.50,1.18
MNJ002,230.9,231.4,0.50,1.335
MNJ002,231.4,231.9,0.50,0.732
MNJ002,231.9,232.4,0.50,0.755
MNJ002,232.4,232.9,0.50,0.524
MNJ002,232.9,233.4,0.50,0.195
MNJ002,233.4,233.9,0.50,0.254
MNJ002,233.9,234.4,0.50,0.725
MNJ002,234.4,234.9,0.50,0.157
MNJ002,234.9,235.4,0.50,0.353
MNJ002,235.4,235.9,0.50,0.637
MNJ002,235.9,236.4,0.50,1.795
MNJ002,236.4,236.9,0.50,0.985
MNJ002,236.9,237.4,0.50,1.691
MNJ002,237.4,237.9,0.50,1.051
MNJ002,237.9,238.4,0.50,0.447
MNJ002,238.4,239.4,1.00,0.17
MNJ002,239.4,240.4,1.00,0.082
MNJ002,240.4,241.4,1.00,0.046
MNJ002,241.4,243.4,2.00,0.067
MNJ002,243.4,245.4,2.00,0.115
MNJ002,245.4,247.4,2.00,0.034
MNJ002,247.4,249.4,2.00,0.076
MNJ002,249.4,250.4,1.00,0.3
MNJ002,250.4,251.4,1.00,0.058
MNJ003,76.90,78.40,1.50,0.008
MNJ003,99.40,101.40,2.00,0.001
MNJ003,101.40,102.40,1.00,0.002
MNJ003,182.40,183.40,1.00,0.004
MNJ003,187.40,188.40,1.00,0.081
MNJ003,191.50,192.40,0.90,0.006
MNJ003,198.40,199.40,1.00,0.028
MNJ003,199.40,200.40,1.00,0.08
MNJ003,200.40,201.40,1.00,0.019
MNJ003,201.40,202.40,1.00,0.014
MNJ003,202.40,202.90,0.50,0.029
MNJ003,202.90,203.40,0.50,0.091
MNJ003,203.40,204.40,1.00,0.014
MNJ003,204.40,205.40,1.00,0.004
MNJ003,205.40,205.90,0.50,0.012
MNJ003,205.90,206.40,0.50,0.025
MNJ003,206.40,206.90,0.50,0.006
MNJ003,206.90,207.40,0.50,0.002
MNJ003,207.40,207.90,0.50,0.021
MNJ003,207.90,208.40,0.50,0.012
MNJ003,208.40,209.40,1.00,0.016
MNJ003,209.40,210.40,1.00,0.001
MNJ003,210.40,211.40,1.00,0.001
MNJ003,287.40,288.40,1.00,0.001
MNJ003,288.40,289.40,1.00,0.001
MNJ003,289.40,290.40,1.00,0.082
MNJ003,290.40,290.90,0.50,0.425
MNJ003,290.90,291.40,0.50,0.302
MNJ003,291.40,291.90,0.50,0.118
MNJ003,291.90,292.40,0.50,0.034
MNJ003,292.40,292.90,0.50,0.099
MNJ003,292.90,293.40,0.50,0.061
MNJ003,293.40,293.90,0.50,0.083
MNJ003,293.90,294.40,0.50,0.092
MNJ003,294.40,294.90,0.50,0.057
MNJ003,294.90,295.40,0.50,0.072
MNJ003,295.40,295.90,0.50,0.128
MNJ003,295.90,296.40,0.50,0.088
MNJ003,296.40,296.90,0.50,0.36
MNJ003,296.90,297.40,0.50,0.222
MNJ003,297.40,297.90,0.50,0.11
MNJ003,297.90,298.40,0.50,0.102
MNJ003,298.40,298.90,0.50,0.043
MNJ003,298.90,299.40,0.50,0.248
MNJ003,299.40,299.90,0.50,0.117
MNJ003,299.90,300.40,0.50,0.071
MNJ003,300.40,300.90,0.50,0.073
MNJ003,300.90,301.40,0.50,0.031
MNJ003,301.40,301.90,0.50,0.062
MNJ003,301.90,302.40,0.50,0.025
MNJ003,302.40,302.90,0.50,0.069
MNJ003,302.90,303.40,0.50,0.044
MNJ003,303.40,303.90,0.50,0.107
MNJ003,303.90,304.40,0.50,0.068
MNJ003,304.40,304.90,0.50,0.099
MNJ003,304.90,305.40,0.50,0.057
MNJ003,305.40,305.90,0.50,0.078
MNJ003,305.90,306.40,0.50,0.097
MNJ003,306.40,306.90,0.50,0.111
MNJ003,306.90,307.40,0.50,0.087
MNJ003,307.40,307.90,0.50,0.217
MNJ003,307.90,308.40,0.50,0.031
MNJ003,308.40,308.90,0.50,0.061
MNJ003,308.90,309.40,0.50,3.295
MNJ003,309.40,309.90,0.50,0.393
MNJ003,309.90,310.40,0.50,0.034
MNJ003,310.40,310.90,0.50,0.052
MNJ003,310.90,311.40,0.50,0.038
MNJ003,311.40,311.90,0.50,0.096
MNJ003,311.90,312.40,0.50,0.182
MNJ003,312.40,312.90,0.50,0.583
MNJ003,312.90,313.40,0.50,0.39
MNJ003,313.40,313.90,0.50,0.139
MNJ003,313.90,314.40,0.50,0.162
MNJ003,314.40,314.90,0.50,0.148
MNJ003,314.90,315.40,0.50,0.355
MNJ003,315.40,315.90,0.50,0.124
MNJ003,315.90,316.40,0.50,0.261
MNJ003,316.40,316.90,0.50,0.101
MNJ003,316.90,317.40,0.50,0.044
MNJ003,317.40,317.90,0.50,0.118
MNJ003,317.90,318.40,0.50,0.103
MNJ003,318.40,318.90,0.50,0.116
MNJ003,318.90,319.40,0.50,0.039
MNJ003,319.40,319.90,0.50,0.078
MNJ003,319.90,320.40,0.50,0.051
MNJ003,320.40,320.90,0.50,0.051
MNJ003,320.90,321.40,0.50,0.067
MNJ003,321.40,321.90,0.50,0.07
MNJ003,321.90,322.40,0.50,0.168
MNJ003,322.40,322.90,0.50,0.156
MNJ003,322.90,323.40,0.50,0.107
MNJ003,323.40,323.90,0.50,0.127
MNJ003,323.90,324.40,0.50,0.088
MNJ003,324.40,324.90,0.50,0.059
MNJ003,324.90,325.40,0.50,0.518
MNJ003,325.40,326.40,1.00,0.034
MNJ003,326.40,327.40,1.00,0.03
MNJ003,327.40,328.40,1.00,0.025
MNJ004,99.00,100.00,1.00,0.002
MNJ004,100.00,101.00,1.00,0.003
MNJ004,101.00,102.00,1.00,0.004
MNJ004,102.00,102.50,0.50,6.552
MNJ004,102.50,103.00,0.50,0.083
MNJ004,103.00,103.50,0.50,0.13
MNJ004,103.50,104.00,0.50,0.713
MNJ004,104.00,104.50,0.50,0.008
MNJ004,104.50,105.00,0.50,0.003
MNJ004,105.00,106.00,1.00,0.008
MNJ004,106.00,107.00,1.00,0.012
MNJ004,107.00,108.00,1.00,0.006
MNJ004,120.30,121.30,1.00,0.002
MNJ004,121.30,122.30,1.00,0.001
MNJ004,172.30,173.30,1.00,0.005
MNJ004,173.30,174.30,1.00,0.004
MNJ004,174.30,175.30,1.00,0.01
MNJ004,175.30,175.80,0.50,0.061
MNJ004,175.80,176.30,0.50,0.002
MNJ004,176.30,177.30,1.00,0.001
MNJ004,177.30,178.30,1.00,0.007
MNJ004,178.30,179.30,1.00,0.001
MNJ004,189.30,190.30,1.00,0.001
MNJ004,190.30,191.30,1.00,0.002
MNJ004,191.30,192.30,1.00,0.001
MNJ004,192.30,192.80,0.50,0.004
MNJ004,192.80,193.30,0.50,0.103
MNJ004,193.30,193.80,0.50,0.038
MNJ004,193.80,194.30,0.50,0.112
MNJ004,194.30,195.30,1.00,0.001
MNJ004,195.30,196.30,1.00,0.001
MNJ004,196.30,197.30,1.00,0.001
MNJ004,225.30,226.30,1.00,0.003
MNJ004,226.30,227.30,1.00,0.02
MNJ004,227.30,228.30,1.00,0.066
MNJ004,228.30,228.80,0.50,0.22
MNJ004,228.80,229.30,0.50,0.129
MNJ004,229.30,229.80,0.50,0.019
MNJ004,229.80,230.30,0.50,0.105
MNJ004,230.30,231.30,1.00,0.007
MNJ004,231.30,232.30,1.00,0.003
MNJ004,232.30,233.30,1.00,0.02
MNJ004,233.30,233.80,0.50,0.002
MNJ004,233.80,234.30,0.50,0.034
MNJ004,234.30,235.30,1.00,0.015
MNJ004,235.30,236.30,1.00,0.037
MNJ004,236.30,236.80,0.50,0.607
MNJ004,236.80,237.30,0.50,0.133
MNJ004,237.30,237.80,0.50,0.165
MNJ004,237.80,238.30,0.50,0.055
MNJ004,238.30,238.80,0.50,0.029
MNJ004,238.80,239.30,0.50,0.007
MNJ004,239.30,240.30,1.00,0.002
MNJ004,240.30,241.30,1.00,0.003
MNJ004,241.30,241.80,0.50,0.005
MNJ004,241.80,242.30,0.50,0.184
MNJ004,242.30,242.80,0.50,0.07
MNJ004,242.80,243.30,0.50,0.382
MNJ004,243.30,243.80,0.50,0.164
MNJ004,243.80,244.30,0.50,0.22
MNJ004,244.30,244.80,0.50,0.229
MNJ004,244.80,245.30,0.50,0.047
MNJ004,245.30,246.30,1.00,0.003
MNJ004,246.30,247.30,1.00,0.023
MNJ004,247.30,248.30,1.00,0.012
MNJ004,251.30,252.30,1.00,0.001
MNJ004,252.30,253.30,1.00,0.001
MNJ004,253.30,254.30,1.00,0.001
MNJ004,254.30,254.80,0.50,0.074
MNJ004,254.80,255.30,0.50,0.551
MNJ004,255.30,255.80,0.50,0.288
MNJ004,255.80,256.30,0.50,0.183
MNJ004,256.30,256.80,0.50,0.263
MNJ004,256.80,257.30,0.50,0.4
MNJ004,257.30,257.80,0.50,0.235
MNJ004,257.80,258.30,0.50,0.234
MNJ004,258.30,258.80,0.50,0.022
MNJ004,258.80,259.30,0.50,0.069
MNJ004,259.30,259.80,0.50,0.205
MNJ004,259.80,260.30,0.50,0.764
MNJ004,260.30,260.80,0.50,0.204
MNJ004,260.80,261.30,0.50,0.053
MNJ004,261.30,261.80,0.50,0.128
MNJ004,261.80,262.30,0.50,0.226
MNJ004,262.30,262.80,0.50,0.166
MNJ004,262.80,263.30,0.50,0.064
MNJ004,263.30,263.80,0.50,0.077
MNJ004,263.80,264.30,0.50,0.098
MNJ004,264.30,264.80,0.50,0.356
MNJ004,264.80,265.30,0.50,0.134
MNJ004,265.30,265.80,0.50,0.491
MNJ004,265.80,266.30,0.50,0.213
MNJ004,266.30,266.80,0.50,0.022
MNJ004,266.80,267.30,0.50,0.287
MNJ004,267.30,267.80,0.50,0.193
MNJ004,267.80,268.30,0.50,0.327
MNJ004,268.30,268.80,0.50,0.227
MNJ004,268.80,269.30,0.50,0.13
MNJ004,269.30,269.80,0.50,0.13
MNJ004,269.80,270.30,0.50,0.139
MNJ004,270.30,270.80,0.50,0.05
MNJ004,270.80,271.30,0.50,0.038
MNJ004,271.30,271.80,0.50,0.007
MNJ004,271.80,272.30,0.50,0.13
MNJ004,272.30,272.80,0.50,0.064
MNJ004,272.80,273.30,0.50,0.135
MNJ004,273.30,273.80,0.50,0.058
MNJ004,273.80,274.30,0.50,0.006
MNJ004,274.30,274.80,0.50,0.111
MNJ004,274.80,275.30,0.50,0.092
MNJ004,275.30,275.80,0.50,0.161
MNJ004,275.80,276.30,0.50,0.15
MNJ004,276.30,277.30,1.00,0.096
MNJ004,277.30,278.30,1.00,0.032
MNJ004,278.30,279.30,1.00,0.012
MNJ004,279.30,280.30,1.00,0.003
MNJ004,280.30,281.30,1.00,0.003
MNJ004,281.30,282.30,1.00,0.001
MNJ004,285.30,286.30,1.00,0.001
MNJ004,286.30,287.30,1.00,0.001
MNJ004,289.30,290.30,1.00,0.007
MNJ004,290.30,291.30,1.00,0.001
MNJ004,291.30,292.30,1.00,0.002
MNJ004,293.30,293.80,0.50,0.244
MNJ004,293.80,294.30,0.50,0.026
MNJ004,294.30,295.30,1.00,0.005
MNJ004,295.30,296.30,1.00,0.002
MNJ004,296.30,297.30,1.00,0.001
MNJ004,307.30,308.30,1.00,0.008
MNJ004,308.30,309.30,1.00,0.001
MNJ004,309.30,310.30,1.00,0.005
MNJ004,310.30,310.80,0.50,0.006
MNJ004,310.80,311.30,0.50,0.062
MNJ004,311.30,312.30,1.00,0.014
MNJ004,312.30,313.30,1.00,0.002
MNJ004,313.30,314.30,1.00,0.013
MNJ004,314.30,315.30,1.00,0.039
MNJ004,315.30,315.80,0.50,0.04
MNJ004,315.80,316.30,0.50,0.005
MNJ004,316.30,317.30,1.00,0.007
MNJ004,317.30,318.30,1.00,0.04
MNJ004,318.30,318.80,0.50,0.041
MNJ004,318.80,319.30,0.50,0.023
MNJ004,319.30,319.80,0.50,0.02
MNJ004,319.80,320.30,0.50,0.001
MNJ004,320.30,320.80,0.50,0.016
MNJ004,320.80,321.30,0.50,0.015
MNJ004,321.30,321.80,0.50,0.046
MNJ004,321.80,322.30,0.50,0.001
MNJ004,322.30,323.30,1.00,0.001
MNJ004,323.30,324.30,1.00,0.001
MNJ004,324.30,325.30,1.00,0.001
MNJ004,325.30,326.30,1.00,0.008
MNJ004,326.30,327.30,1.00,0.007
MNJ004,327.30,328.30,1.00,0.009
MNJ004,328.30,328.80,0.50,0.194
MNJ004,328.80,329.30,0.50,0.013
MNJ004,329.30,329.80,0.50,0.001
MNJ004,329.80,330.30,0.50,0.009
MNJ004,330.30,331.30,1.00,0.048
MNJ004,331.30,332.30,1.00,0.001
MNJ004,332.30,333.30,1.00,0.011
MNJ004,338.30,339.30,1.00,0.003
MNJ004,340.30,341.30,1.00,0.012
MNJ004,341.30,342.30,1.00,0.001
MNJ004,342.30,343.30,1.00,0.001
MNJ004,343.30,344.30,1.00,0.001
MNJ004,344.30,345.30,1.00,0.001
MNJ004,345.30,345.80,0.50,0.001
MNJ004,345.80,346.30,0.50,0.078
MNJ004,346.30,346.80,0.50,0.123
MNJ004,346.80,347.30,0.50,0.029
MNJ004,347.30,348.30,1.00,0.001
MNJ004,348.30,349.50,1.20,0.003
MNJ004,349.50,350.00,0.50,0.099
MNJ004,350.00,350.50,0.50,0.459
MNJ004,350.50,350.90,0.40,0.415
MNJ004,350.90,351.30,0.40,0.214
MNJ004,351.30,351.80,0.50,2.318
MNJ004,351.80,352.30,0.50,0.542
MNJ004,352.30,352.80,0.50,0.291
MNJ004,352.80,353.30,0.50,0.117
MNJ004,353.30,353.80,0.50,0.145
MNJ004,353.80,354.30,0.50,0.114
MNJ004,354.30,354.80,0.50,0.071
MNJ004,354.80,355.30,0.50,0.07
MNJ004,355.30,355.80,0.50,0.089
MNJ004,355.80,356.30,0.50,0.149
MNJ004,356.30,356.90,0.60,0.596
MNJ004,356.90,357.30,0.40,0.032
MNJ004,357.30,357.70,0.40,0.318
MNJ004,357.70,358.30,0.60,0.003
MNJ004,358.30,359.30,1.00,0.022
MNJ004,359.30,360.30,1.00,0.001
MNJ004,360.30,360.80,0.50,0.009
MNJ004,360.80,361.30,0.50,0.135
MNJ004,361.30,362.30,1.00,0.414
MNJ004,362.30,363.30,1.00,0.246
MNJ004,363.30,364.30,1.00,0.165
MNJ004,364.30,365.30,1.00,0.033
MNJ004,365.30,366.30,1.00,0.001
MNJ004,366.30,367.30,1.00,0.235
MNJ004,367.30,368.30,1.00,0.005
MNJ004,368.30,369.30,1.00,0.032
MNJ004,369.30,370.30,1.00,0.183
MNJ004,370.30,371.30,1.00,0.032
MNJ004,371.30,372.30,1.00,0.021
MNJ004,372.30,373.30,1.00,0.001
MNJ004,373.30,374.30,1.00,0.003
MNJ004,374.30,375.30,1.00,0.02
MNJ004,375.30,376.30,1.00,0.003
MNJ004,376.30,377.30,1.00,0.002
MNJ004,377.30,378.30,1.00,0.024
MNJ004,378.30,379.30,1.00,0.189
MNJ004,379.30,379.80,0.50,0.12
MNJ004,379.80,380.30,0.50,0.412
MNJ004,380.30,380.80,0.50,0.394
MNJ004,380.80,381.30,0.50,0.098
MNJ004,381.30,381.80,0.50,0.266
MNJ004,381.80,382.30,0.50,0.213
MNJ004,382.30,382.80,0.50,0.085
MNJ004,382.80,383.30,0.50,0.126
MNJ004,383.30,383.80,0.50,0.223
MNJ004,383.80,384.30,0.50,0.139
MNJ004,384.30,384.80,0.50,0.06
MNJ004,384.80,385.30,0.50,0.14
MNJ004,385.30,385.80,0.50,0.05
MNJ004,385.80,386.30,0.50,0.276
MNJ004,386.30,386.80,0.50,0.192
MNJ004,386.80,387.30,0.50,0.585
MNJ004,387.30,387.80,0.50,0.895
MNJ004,387.80,388.30,0.50,0.226
MNJ004,388.30,388.80,0.50,0.095
MNJ004,388.80,389.30,0.50,0.118
MNJ004,389.30,389.80,0.50,0.84
MNJ004,389.80,390.30,0.50,0.654
MNJ004,390.30,390.80,0.50,0.449
MNJ004,390.80,391.30,0.50,0.509
MNJ004,391.30,391.80,0.50,0.951
MNJ004,391.80,392.30,0.50,0.649
MNJ004,392.30,392.80,0.50,0.675
MNJ004,392.80,393.30,0.50,0.177
MNJ004,393.30,393.80,0.50,1.827
MNJ004,393.80,394.30,0.50,4.119
MNJ004,394.30,394.80,0.50,0.333
MNJ004,394.80,395.30,0.50,0.267
MNJ004,395.30,395.80,0.50,0.218
MNJ004,395.80,396.30,0.50,0.784
MNJ004,396.30,396.80,0.50,0.535
MNJ004,396.80,397.30,0.50,1.098
MNJ004,397.30,397.80,0.50,0.505
MNJ004,397.80,398.30,0.50,1.224
MNJ004,398.30,398.80,0.50,0.075
MNJ004,398.80,399.30,0.50,0.709
MNJ004,399.30,399.80,0.50,0.167
MNJ004,399.80,400.30,0.50,0.005
MNJ004,400.30,400.80,0.50,0.103
MNJ004,400.80,401.30,0.50,0.026
MNJ004,401.30,401.80,0.50,0.607
MNJ004,401.80,402.30,0.50,0.422
MNJ004,402.30,402.80,0.50,0.122
MNJ004,402.80,403.30,0.50,0.151
MNJ004,403.30,403.80,0.50,0.077
MNJ004,403.80,404.30,0.50,0.03
MNJ004,404.30,404.80,0.50,0.02
MNJ004,404.80,405.30,0.50,0.03
MNJ004,405.30,406.30,1.00,0.053
MNJ004,406.30,407.30,1.00,0.006
MNJ004,407.30,408.30,1.00,0.004
MNJ004,408.30,409.30,1.00,0.027
MNJ004,409.30,410.30,1.00,0.004
MNJ004,410.30,411.30,1.00,0.029
MNJ004,411.30,412.30,1.00,0.006
MNJ004,412.30,413.30,1.00,0.003
MNJ004,413.30,414.30,1.00,0.004
MNJ004,414.30,415.30,1.00,0.023
MNJ004,415.30,416.30,1.00,0.011
MNJ004,416.30,417.30,1.00,0.014
MNJ004,417.30,418.30,1.00,0.009
MNJ004,418.30,419.30,1.00,0.009
MNJ004,419.30,420.30,1.00,0.009
MNJ004,420.30,421.30,1.00,0.004
MNJ004,421.30,422.30,1.00,0.005
MNJ004,422.30,423.30,1.00,0.006
MNJ004,423.30,424.30,1.00,0.001
MNJ004,424.30,425.30,1.00,0.012
MNJ004,425.30,426.30,1.00,0.002
MNJ004,426.30,427.30,1.00,0.012
MNJ004,430.30,431.30,1.00,0.022
MNJ004,435.30,436.30,1.00,0.046
MNJ004,436.30,437.30,1.00,0.064
MNJ004,437.30,438.30,1.00,0.085
MNJ004,438.30,438.80,0.50,0.246
MNJ004,438.80,439.30,0.50,0.396
MNJ004,439.30,440.30,1.00,0.019
MNJ004,440.30,441.30,1.00,0.004
MNJ004,441.30,442.30,1.00,0.001
MNJ005,63.40,64.40,1.00,0.011
MNJ005,64.40,65.40,1.00,0.005
MNJ005,65.40,66.40,1.00,0.014
MNJ005,66.40,66.90,0.50,0.025
MNJ005,66.90,67.40,0.50,0.054
MNJ005,67.40,67.90,0.50,0.17
MNJ005,67.90,68.40,0.50,0.177
MNJ005,68.40,68.90,0.50,0.05
MNJ005,68.90,69.40,0.50,0.36
MNJ005,69.40,70.40,1.00,0.052
MNJ005,70.40,71.40,1.00,0.046
MNJ005,71.40,72.40,1.00,0.014
MNJ005,72.40,72.90,0.50,0.061
MNJ005,72.90,73.40,0.50,0.229
MNJ005,73.40,73.90,0.50,0.673
MNJ005,73.90,74.40,0.50,0.068
MNJ005,74.40,74.90,0.50,0.145
MNJ005,74.90,75.40,0.50,0.058
MNJ005,75.40,76.40,1.00,0.076
MNJ005,76.40,76.90,0.50,0.095
MNJ005,76.90,77.40,0.50,0.083
MNJ005,77.40,77.90,0.50,0.49
MNJ005,77.90,78.40,0.50,0.298
MNJ005,78.40,79.40,1.00,0.039
MNJ005,79.40,80.40,1.00,0.076
MNJ005,80.40,81.40,1.00,0.077
MNJ005,81.40,81.90,0.50,0.199
MNJ005,81.90,82.40,0.50,0.138
MNJ005,82.40,82.90,0.50,0.031
MNJ005,82.90,83.90,1.00,0.006
MNJ005,83.90,84.90,1.00,0.099
MNJ005,84.90,85.90,1.00,0.032
MNJ005,85.90,86.90,1.00,0.025
MNJ005,86.90,87.40,0.50,0.113
MNJ005,87.40,87.90,0.50,0.111
MNJ005,87.90,88.40,0.50,0.229
MNJ005,88.40,88.90,0.50,0.081
MNJ005,88.90,89.40,0.50,0.114
MNJ005,89.40,89.90,0.50,0.132
MNJ005,89.90,90.40,0.50,0.053
MNJ005,90.40,90.90,0.50,0.19
MNJ005,90.90,91.40,0.50,0.19
MNJ005,91.40,91.90,0.50,0.193
MNJ005,91.90,92.40,0.50,0.677
MNJ005,92.40,92.90,0.50,0.304
MNJ005,92.90,93.40,0.50,0.222
MNJ005,93.40,93.90,0.50,0.254
MNJ005,93.90,94.40,0.50,0.223
MNJ005,94.40,94.90,0.50,0.304
MNJ005,94.90,95.40,0.50,0.144
MNJ005,95.40,95.90,0.50,0.493
MNJ005,95.90,96.40,0.50,0.198
MNJ005,96.40,97.40,1.00,0.061
MNJ005,97.40,98.40,1.00,0.058
MNJ005,98.40,99.40,1.00,0.033
MNJ005,99.40,99.90,0.50,0.094
MNJ005,99.90,100.40,0.50,0.088
MNJ005,100.40,100.90,0.50,0.108
MNJ005,100.90,101.40,0.50,0.044
MNJ005,101.40,101.90,0.50,0.058
MNJ005,101.90,102.40,0.50,0.08
MNJ005,102.40,102.90,0.50,0.3
MNJ005,102.90,103.40,0.50,0.299
MNJ005,103.40,103.90,0.50,0.574
MNJ005,103.90,104.40,0.50,0.329
MNJ005,104.40,104.90,0.50,0.612
MNJ005,104.90,105.40,0.50,0.112
MNJ005,105.40,105.90,0.50,0.152
MNJ005,105.90,106.40,0.50,0.043
MNJ005,106.40,107.40,1.00,0.038
MNJ005,107.40,108.40,1.00,0.054
MNJ005,108.40,109.40,1.00,0.015
MNJ005,109.40,109.90,0.50,0.038
MNJ005,109.90,110.40,0.50,0.143
MNJ005,110.40,110.90,0.50,0.351
MNJ005,110.90,111.40,0.50,0.123
MNJ005,111.40,111.90,0.50,0.176
MNJ005,111.90,112.40,0.50,0.036
MNJ005,112.40,112.90,0.50,0.156
MNJ005,112.90,113.40,0.50,0.017
MNJ005,113.40,113.90,0.50,0.01
MNJ005,113.90,114.40,0.50,0.034
MNJ005,114.40,114.90,0.50,0.092
MNJ005,114.90,115.40,0.50,0.307
MNJ005,115.40,115.90,0.50,0.055
MNJ005,115.90,116.40,0.50,0.107
MNJ005,116.40,117.40,1.00,0.075
MNJ005,117.40,118.40,1.00,0.091
MNJ005,118.40,119.40,1.00,0.072
MNJ005,119.40,120.40,1.00,0.07
MNJ005,120.40,121.40,1.00,0.021
MNJ005,121.40,122.40,1.00,0.262
MNJ005,122.40,123.40,1.00,0.066
MNJ005,123.40,124.40,1.00,0.057
MNJ005,124.40,125.40,1.00,0.023
MNJ005,151.90,152.40,0.50,0.019
MNJ005,153.40,154.40,1.00,0.019
MNJ005,154.40,155.40,1.00,0.018
MNJ005,155.40,156.40,1.00,0.088
MNJ005,156.40,156.90,0.50,0.023
MNJ005,156.90,157.40,0.50,0.247
MNJ005,157.40,157.90,0.50,0.204
MNJ005,157.90,158.40,0.50,0.012
MNJ005,158.40,159.40,1.00,0.04
MNJ005,159.40,159.90,0.50,0.025
MNJ005,159.90,160.40,0.50,0.012
MNJ005,160.40,161.40,1.00,0.004
MNJ005,161.40,161.90,0.50,0.377
MNJ005,161.90,162.40,0.50,0.029
MNJ005,162.40,163.40,1.00,0.016
MNJ005,163.40,164.40,1.00,0.001
MNJ005,164.40,164.90,0.50,0.11
MNJ005,164.90,165.40,0.50,0.122
MNJ005,165.40,166.40,1.00,0.093
MNJ005,166.40,167.40,1.00,0.01
MNJ005,167.40,168.40,1.00,0.005
MNJ005,168.40,169.40,1.00,0.017
MNJ005,169.40,170.40,1.00,0.03
MNJ005,170.40,170.90,0.50,0.077
MNJ005,170.90,171.40,0.50,0.067
MNJ005,171.40,172.40,1.00,0.014
MNJ005,174.40,175.40,1.00,0.013
MNJ005,175.40,176.40,1.00,0.033
MNJ005,176.40,177.40,1.00,0.049
MNJ005,177.40,178.40,1.00,0.013
MNJ005,178.40,179.40,1.00,0.01
MNJ005,179.40,180.40,1.00,0.018
MNJ005,183.90,184.90,1.00,0.002
MNJ005,184.90,185.90,1.00,0.017
MNJ005,185.90,186.90,1.00,0.017
MNJ005,186.90,187.40,0.50,0.217
MNJ005,187.40,187.90,0.50,0.031
MNJ005,187.90,188.40,0.50,0.011
MNJ005,188.40,188.90,0.50,0.729
MNJ005,188.90,189.40,0.50,0.202
MNJ005,189.40,189.90,0.50,0.207
MNJ005,189.90,190.40,0.50,0.05
MNJ005,190.40,191.40,1.00,0.039
MNJ005,191.40,192.40,1.00,0.053
MNJ005,192.40,193.40,1.00,0.054
MNJ005,193.40,193.90,0.50,0.034
MNJ005,193.90,194.40,0.50,0.1
MNJ005,194.40,194.90,0.50,0.072
MNJ005,194.90,195.40,0.50,0.144
MNJ005,195.40,196.40,1.00,0.075
MNJ005,196.40,197.40,1.00,0.021
MNJ005,197.40,198.40,1.00,0.057
MNJ005,198.40,198.90,0.50,0.1
MNJ005,198.90,199.40,0.50,0.114
MNJ005,199.40,200.40,1.00,0.087
MNJ005,200.40,200.90,0.50,0.071
MNJ005,200.90,201.40,0.50,0.057
MNJ005,201.40,202.40,1.00,0.055
MNJ005,202.40,203.40,1.00,0.099
MNJ005,203.40,204.40,1.00,0.045
MNJ005,204.40,205.40,1.00,0.096
MNJ005,205.40,206.40,1.00,0.068
MNJ005,206.40,206.90,0.50,0.13
MNJ005,206.90,207.40,0.50,0.131
MNJ005,207.40,207.90,0.50,0.305
MNJ005,207.90,208.40,0.50,0.226
MNJ005,208.40,208.90,0.50,0.066
MNJ005,208.90,209.90,1.00,0.049
MNJ005,209.90,210.40,0.50,0.035
MNJ005,210.40,211.40,1.00,0.099
MNJ005,211.40,212.40,1.00,0.038
MNJ005,217.90,218.90,1.00,0.042
MNJ005,218.90,219.90,1.00,0.101
MNJ005,219.90,220.90,1.00,0.084
MNJ005,220.90,221.20,0.30,3.849
MNJ005,221.20,222.40,1.20,0.076
MNJ005,222.40,223.40,1.00,0.009
MNJ005,223.40,224.40,1.00,0.002
MNJ005,224.40,225.40,1.00,0.002
MNJ005,225.40,226.40,1.00,0.027
MNJ005,226.40,227.40,1.00,0.001
MNJ005,227.40,228.40,1.00,0.001
MNJ005,228.40,229.30,0.90,0.005
MNJ005,229.30,229.80,0.50,0.198
MNJ005,229.80,230.30,0.50,0.171
MNJ005,230.30,230.80,0.50,0.059
MNJ005,230.80,231.30,0.50,0.06
MNJ005,231.30,232.30,1.00,0.001
MNJ005,232.30,233.40,1.10,0.001
MNJ005,233.40,234.40,1.00,0.046
MNJ005,238.40,239.40,1.00,0.001
MNJ005,239.40,240.40,1.00,0.004
MNJ005,240.40,241.40,1.00,0.002
MNJ005,241.40,241.90,0.50,0.005
MNJ005,241.90,242.40,0.50,0.014
MNJ005,242.40,243.40,1.00,0.005
MNJ005,281.40,282.40,1.00,0.026
MNJ006,79.30,80.30,1.00,0.001
MNJ006,80.30,81.30,1.00,0.007
MNJ006,81.30,82.30,1.00,0.001
MNJ006,82.30,82.80,0.50,0.061
MNJ006,82.80,83.30,0.50,0.407
MNJ006,83.30,84.30,1.00,0.043
MNJ006,84.30,85.30,1.00,0.002
MNJ006,85.30,86.30,1.00,0.002
MNJ006,89.30,90.30,1.00,0.024
MNJ006,90.30,91.30,1.00,0.012
MNJ006,91.30,92.30,1.00,0.001
MNJ006,92.30,93.30,1.00,0.002
MNJ006,117.30,118.30,1.00,0.001
MNJ006,118.30,119.30,1.00,0.001
MNJ006,119.30,120.30,1.00,0.001
MNJ006,120.30,121.30,1.00,0.001
MNJ006,121.30,122.30,1.00,0.001
MNJ006,122.30,123.30,1.00,0.039
MNJ006,123.30,124.30,1.00,0.055
MNJ006,124.30,125.30,1.00,0.006
MNJ006,125.30,126.30,1.00,0.026
MNJ006,126.30,127.30,1.00,0.016
MNJ006,127.30,128.30,1.00,0.014
MNJ006,128.30,129.30,1.00,0.001
MNJ006,153.30,154.30,1.00,0.01
MNJ006,154.30,155.30,1.00,0.002
MNJ006,155.30,156.30,1.00,0.016
MNJ006,178.30,179.30,1.00,0.007
MNJ006,179.30,180.30,1.00,0.002
MNJ006,180.30,181.30,1.00,0.001
MNJ006,181.30,182.30,1.00,0.006
MNJ006,182.30,183.30,1.00,0.008
MNJ006,183.30,183.80,0.50,0.069
MNJ006,183.80,184.30,0.50,0.245
MNJ006,184.30,184.80,0.50,0.324
MNJ006,184.80,185.30,0.50,0.118
MNJ006,185.30,185.80,0.50,0.272
MNJ006,185.80,186.30,0.50,0.086
MNJ006,186.30,186.80,0.50,0.155
MNJ006,186.80,187.30,0.50,0.042
MNJ006,187.30,187.80,0.50,0.22
MNJ006,187.80,188.30,0.50,0.148
MNJ006,188.30,188.80,0.50,0.229
MNJ006,188.80,189.30,0.50,0.35
MNJ006,189.30,189.80,0.50,0.123
MNJ006,189.80,190.30,0.50,0.132
MNJ006,190.30,190.80,0.50,0.125
MNJ006,190.80,191.30,0.50,0.046
MNJ006,191.30,192.30,1.00,0.013
MNJ006,192.30,192.80,0.50,0.016
MNJ006,192.80,193.30,0.50,0.073
MNJ006,193.30,194.30,1.00,0.037
MNJ006,194.30,195.30,1.00,0.005
MNJ006,195.30,196.30,1.00,0.014
MNJ006,196.30,197.30,1.00,0.02
MNJ006,197.30,198.30,1.00,0.035
MNJ006,198.30,198.80,0.50,0.059
MNJ006,198.80,199.30,0.50,0.076
MNJ006,199.30,200.30,1.00,0.012
MNJ006,200.30,201.30,1.00,0.012
MNJ006,201.30,202.30,1.00,0.013
MNJ006,202.30,203.30,1.00,0.034
MNJ006,203.30,204.30,1.00,0.053
MNJ006,204.30,205.30,1.00,0.016
MNJ006,205.30,205.80,0.50,0.008
MNJ006,205.80,206.30,0.50,0.066
MNJ006,206.30,207.30,1.00,0.006
MNJ006,207.30,208.30,1.00,0.01
MNJ006,208.30,209.30,1.00,0.011
MNJ006,209.30,209.80,0.50,0.055
MNJ006,209.80,210.30,0.50,0.011
MNJ006,210.30,211.30,1.00,0.017
MNJ006,211.30,212.30,1.00,0.073
MNJ006,212.30,212.80,0.50,0.043
MNJ006,212.80,213.30,0.50,0.039
MNJ006,213.30,213.80,0.50,0.026
MNJ006,213.80,214.30,0.50,0.108
MNJ006,214.30,214.80,0.50,0.133
MNJ006,214.80,215.30,0.50,0.028
MNJ006,215.30,216.30,1.00,0.043
MNJ006,216.30,217.30,1.00,0.058
MNJ006,217.30,217.80,0.50,0.157
MNJ006,217.80,218.30,0.50,0.257
MNJ006,218.30,218.80,0.50,0.328
MNJ006,218.80,219.30,0.50,0.539
MNJ006,219.30,219.80,0.50,0.865
MNJ006,219.80,220.30,0.50,0.612
MNJ006,220.30,220.80,0.50,0.14
MNJ006,220.80,221.30,0.50,0.525
MNJ006,221.30,221.80,0.50,0.104
MNJ006,221.80,222.30,0.50,0.071
MNJ006,222.30,222.80,0.50,0.088
MNJ006,222.80,223.30,0.50,0.646
MNJ006,223.30,223.80,0.50,0.196
MNJ006,223.80,224.30,0.50,0.226
MNJ006,224.30,225.30,1.00,0.071
MNJ006,225.30,226.30,1.00,0.052
MNJ006,226.30,227.30,1.00,0.038
MNJ006,227.30,228.30,1.00,0.039
MNJ006,228.30,228.80,0.50,0.412
MNJ006,228.80,229.30,0.50,0.103
MNJ006,229.30,230.30,1.00,0.009
MNJ006,230.30,231.30,1.00,0.026
MNJ006,231.30,232.30,1.00,0.029
MNJ006,232.30,232.80,0.50,0.026
MNJ006,232.80,233.30,0.50,0.026
MNJ006,233.30,234.30,1.00,0.423
MNJ006,234.30,234.80,0.50,0.224
MNJ006,234.80,235.30,0.50,0.013
MNJ006,235.30,235.80,0.50,0.037
MNJ006,235.80,236.30,0.50,0.111
MNJ006,236.30,236.80,0.50,0.042
MNJ006,236.80,237.30,0.50,0.218
MNJ006,237.30,237.80,0.50,0.473
MNJ006,237.80,238.30,0.50,0.551
MNJ006,238.30,238.80,0.50,1.151
MNJ006,238.80,239.30,0.50,0.411
MNJ006,239.30,240.30,1.00,0.018
MNJ006,240.30,241.30,1.00,0.02
MNJ006,241.30,242.30,1.00,0.007
MNJ006,242.30,243.30,1.00,0.088
MNJ006,243.30,243.80,0.50,0.864
MNJ006,243.80,244.30,0.50,0.041
MNJ006,244.30,245.30,1.00,0.068
MNJ006,245.30,246.30,1.00,0.023
MNJ006,246.30,247.30,1.00,0.01
MNJ006,247.30,247.80,0.50,0.034
MNJ006,247.80,248.30,0.50,0.077
MNJ006,248.30,249.30,1.00,0.007
MNJ006,249.30,250.30,1.00,0.014
MNJ006,250.30,250.80,0.50,0.057
MNJ006,250.80,251.30,0.50,0.025
MNJ006,251.30,252.30,1.00,0.023
MNJ006,252.30,253.30,1.00,0.01
MNJ006,253.30,254.30,1.00,0.057
MNJ006,254.30,254.80,0.50,0.038
MNJ006,254.80,255.30,0.50,0.169
MNJ006,255.30,255.80,0.50,0.224
MNJ006,255.80,256.30,0.50,0.029
MNJ006,256.30,257.30,1.00,0.024
MNJ006,257.30,258.30,1.00,0.041
MNJ006,258.30,259.30,1.00,0.039
MNJ006,259.30,260.30,1.00,0.103
MNJ006,260.30,261.30,1.00,0.02
MNJ006,261.30,261.80,0.50,0.083
MNJ006,261.80,262.30,0.50,0.102
MNJ006,262.30,263.30,1.00,0.116
MNJ006,263.30,264.30,1.00,0.091
MNJ006,264.30,265.30,1.00,0.096
MNJ006,265.30,266.30,1.00,0.038
MNJ006,266.30,267.30,1.00,0.075
MNJ006,267.30,268.30,1.00,0.02
MNJ006,268.30,268.80,0.50,0.046
MNJ006,268.80,269.30,0.50,0.237
MNJ006,269.30,270.30,1.00,0.051
MNJ006,270.30,270.80,0.50,0.112
MNJ006,270.80,271.30,0.50,0.067
MNJ006,271.30,271.80,0.50,0.186
MNJ006,271.80,272.30,0.50,0.269
MNJ006,272.30,272.80,0.50,0.111
MNJ006,272.80,273.30,0.50,0.192
MNJ006,273.30,274.30,1.00,0.042
MNJ006,274.30,275.30,1.00,0.103
MNJ006,275.30,275.80,0.50,0.06
MNJ006,275.80,276.30,0.50,0.148
MNJ006,276.30,276.80,0.50,0.24
MNJ006,276.80,277.30,0.50,0.096
MNJ006,277.30,277.80,0.50,0.058
MNJ006,277.80,278.30,0.50,0.131
MNJ006,278.30,278.80,0.50,0.206
MNJ006,278.80,279.30,0.50,0.034
MNJ006,279.30,279.80,0.50,0.036
MNJ006,279.80,280.30,0.50,0.035
MNJ006,280.30,280.80,0.50,0.088
MNJ006,280.80,281.30,0.50,0.382
MNJ006,281.30,281.80,0.50,0.516
MNJ006,281.80,282.30,0.50,0.081
MNJ006,282.30,283.30,1.00,0.087
MNJ006,283.30,284.30,1.00,0.014
MNJ006,284.30,285.30,1.00,0.017
MNJ006,291.30,292.30,1.00,0.022
MNJ006,292.30,293.30,1.00,0.007
MNJ006,293.30,294.30,1.00,0.026
MNJ006,294.30,294.80,0.50,0.11
MNJ006,294.80,295.30,0.50,0.001
MNJ006,295.30,296.30,1.00,0.003
MNJ006,296.30,297.30,1.00,0.002
MNJ006,297.30,298.30,1.00,0.002
MNJ006,298.30,299.30,1.00,0.002
MNJ006,299.30,300.30,1.00,0.001
MNJ006,300.30,301.30,1.00,0.001
MNJ006,301.30,302.30,1.00,0.001
MNJ006,302.30,303.30,1.00,0.001
MNJ006,319.30,320.30,1.00,0.001
MNJ006,320.30,321.30,1.00,0.001
MNJ006,321.30,322.30,1.00,0.001
MNJ006,322.30,322.80,0.50,0.004
MNJ006,322.80,323.30,0.50,0.001
MNJ006,323.30,324.30,1.00,0.001
MNJ006,324.30,325.30,1.00,0.006
MNJ006,325.30,326.30,1.00,0.004
MNJ006,350.30,351.30,1.00,0.005
MNJ006,351.30,352.30,1.00,0.018
MNJ006,352.30,353.30,1.00,0.001
MNJ006,353.30,353.80,0.50,0.015
MNJ006,353.8,354.3,0.50,0.001
MNJ006,354.3,355.3,1.00,0.002
MNJ006,355.30,356.30,1.00,0.01
MNJ006,356.30,357.30,1.00,0.028
MNJ007,79.8,80.8,1,0.001
MNJ007,117.3,118.3,1,0.015
MNJ007,134.5,135.5,1,0.053
MNJ007,145.3,146.3,1,0.02
MNJ007,146.3,147.3,1,0.029
MNJ007,147.3,148.3,1,0.01
MNJ007,148.3,149.3,1,0.101
MNJ007,149.3,149.8,0.5,0.139
MNJ007,149.8,150.3,0.5,0.128
MNJ007,150.3,151.3,1,0.009
MNJ007,151.3,152.3,1,0.001
MNJ007,152.3,152.8,0.5,0.008
MNJ007,152.8,153.3,0.5,0.071
MNJ007,153.3,153.8,0.5,0.016
MNJ007,153.8,154.3,0.5,0.024
MNJ007,154.3,155.3,1,0.005
MNJ007,155.3,156.3,1,0.033
MNJ007,156.3,157.3,1,0.004
MNJ007,157.3,158.3,1,0.002
MNJ007,158.3,158.8,0.5,0.007
MNJ007,158.8,159.3,0.5,0.165
MNJ007,159.3,159.8,0.5,0.055
MNJ007,159.8,160.3,0.5,0.003
MNJ007,160.3,160.8,0.5,0.001
MNJ007,160.8,161.3,0.5,0.278
MNJ007,161.3,161.8,0.5,0.042
MNJ007,161.8,162.3,0.5,0.008
MNJ007,162.3,163.3,1,0.004
MNJ007,163.3,164.3,1,0.003
MNJ007,164.3,165.3,1,0.03
MNJ007,170,170.5,0.5,0.057
MNJ007,172.3,173.3,1,0.021
MNJ007,173.3,174.3,1,0.019
MNJ007,174.3,175.3,1,0.012
MNJ007,175.3,176.3,1,0.014
MNJ007,176.3,177.3,1,0.025
MNJ007,177.3,177.8,0.5,0.169
MNJ007,177.8,178.3,0.5,0.009
MNJ007,178.3,179.3,1,0.048
MNJ007,179.3,180.3,1,0.005
MNJ007,180.3,180.8,0.5,0.015
MNJ007,180.8,181.3,0.5,0.021
MNJ007,181.3,181.8,0.5,0.012
MNJ007,181.8,182.3,0.5,0.031
MNJ007,182.3,182.8,0.5,0.008
MNJ007,182.8,183.3,0.5,0.032
MNJ007,183.3,183.8,0.5,0.062
MNJ007,183.8,184.3,0.5,0.059
MNJ007,184.3,185.3,1,0.004
MNJ007,185.3,186.3,1,0.016
MNJ007,186.3,187.3,1,0.012
MNJ007,187.3,188.3,1,0.009
MNJ007,188.3,189.3,1,0.005
MNJ007,189.3,190.3,1,0.022
MNJ007,190.3,191.3,1,0.048
MNJ007,191.3,192.3,1,0.026
MNJ007,192.3,193.3,1,0.024
MNJ007,193.3,193.8,0.5,0.001
MNJ007,193.8,194.3,0.5,0.039
MNJ007,194.3,195.3,1,0.004
MNJ007,195.3,196.3,1,0.008
MNJ007,196.3,197.8,1.5,0.005
MNJ007,197.8,198.5,0.7,0.168
MNJ007,198.5,199.3,0.8,0.035
MNJ007,199.3,199.8,0.5,0.006
MNJ007,199.8,200.3,0.5,0.071
MNJ007,200.3,201.3,1,0.025
MNJ007,201.3,201.8,0.5,0.005
MNJ007,201.8,202.3,0.5,0.02
MNJ007,202.3,203.3,1,0.03
MNJ007,203.3,203.8,0.5,0.054
MNJ007,203.8,204.3,0.5,0.016
MNJ007,204.3,204.8,0.5,0.049
MNJ007,204.8,205.3,0.5,0.053
MNJ007,205.3,205.8,0.5,0.022
MNJ007,205.8,206.3,0.5,0.105
MNJ007,206.3,207.3,1,0.043
MNJ007,207.3,208.3,1,0.028
MNJ007,208.3,209.3,1,0.021
MNJ007,209.3,210.3,1,0.014
MNJ007,210.3,211.3,1,0.011
MNJ007,211.3,211.8,0.5,0.052
MNJ007,211.8,212.3,0.5,0.046
MNJ007,212.3,212.8,0.5,0.015
MNJ007,212.8,213.3,0.5,0.028
MNJ007,213.3,213.8,0.5,0.041
MNJ007,213.8,214.3,0.5,0.044
MNJ007,214.3,215.3,1,0.018
MNJ007,215.3,215.8,0.5,0.051
MNJ007,215.8,216.3,0.5,0.018
MNJ007,216.3,216.8,0.5,0.021
MNJ007,216.8,217.3,0.5,0.052
MNJ007,217.3,217.8,0.5,0.05
MNJ007,217.8,218.3,0.5,0.03
MNJ007,218.3,218.8,0.5,0.113
MNJ007,218.8,219.3,0.5,0.129
MNJ007,219.3,219.8,0.5,0.059
MNJ007,219.8,220.3,0.5,0.052
MNJ007,220.3,220.8,0.5,0.088
MNJ007,220.8,221.3,0.5,0.024
MNJ007,221.3,221.8,0.5,0.06
MNJ007,221.8,222.3,0.5,0.056
MNJ007,222.3,223.3,1,0.016
MNJ007,223.3,224.3,1,0.018
MNJ007,224.3,225.3,1,0.014
MNJ007,225.3,225.8,0.5,0.025
MNJ007,225.8,226.3,0.5,0.033
MNJ007,226.3,227.3,1,0.012
MNJ007,227.3,228.3,1,0.026
MNJ007,228.3,228.8,0.5,0.106
MNJ007,228.8,229.3,0.5,0.027
MNJ007,229.3,230.3,1,0.021
MNJ007,230.3,230.8,0.5,0.077
MNJ007,230.8,231.3,0.5,0.046
MNJ007,231.3,232.3,1,0.031
MNJ007,232.3,233.3,1,0.015
MNJ007,233.3,233.8,0.5,0.047
MNJ007,233.8,234.3,0.5,0.023
MNJ007,234.3,235.3,1,0.006
MNJ007,235.3,236.3,1,0.009
MNJ007,236.3,236.8,0.5,0.017
MNJ007,236.8,237.3,0.5,0.031
MNJ007,237.3,237.8,0.5,0.301
MNJ007,237.8,238.3,0.5,0.07
MNJ007,238.3,238.8,0.5,0.036
MNJ007,238.8,239.3,0.5,0.036
MNJ007,239.3,239.8,0.5,0.016
MNJ007,239.8,240.3,0.5,0.172
MNJ007,240.3,240.8,0.5,0.356
MNJ007,240.8,241.3,0.5,0.108
MNJ007,241.3,241.8,0.5,0.019
MNJ007,241.8,242.3,0.5,0.026
MNJ007,242.3,242.8,0.5,0.011
MNJ007,242.8,243.3,0.5,0.047
MNJ007,243.3,243.8,0.5,0.034
MNJ007,243.8,244.3,0.5,0.013
MNJ007,244.3,244.8,0.5,0.021
MNJ007,244.8,245.3,0.5,0.43
MNJ007,245.3,245.8,0.5,0.054
MNJ007,245.8,246.3,0.5,0.04
MNJ007,246.3,247.3,1,0.037
MNJ007,247.3,247.8,0.5,0.013
MNJ007,247.8,248.3,0.5,0.199
MNJ007,248.3,248.8,0.5,0.045
MNJ007,248.8,249.3,0.5,0.087
MNJ007,249.3,249.8,0.5,0.172
MNJ007,249.8,250.3,0.5,0.043
MNJ007,250.3,250.8,0.5,0.072
MNJ007,250.8,251.3,0.5,0.229
MNJ007,251.3,251.8,0.5,0.164
MNJ007,251.8,252.3,0.5,0.196
MNJ007,252.3,252.8,0.5,0.024
MNJ007,252.8,253.3,0.5,0.009
MNJ007,253.3,253.8,0.5,0.006
MNJ007,253.8,254.3,0.5,0.023
MNJ007,254.3,254.8,0.5,0.054
MNJ007,254.8,255.3,0.5,0.028
MNJ007,255.3,255.8,0.5,0.071
MNJ007,255.8,256.3,0.5,0.026
MNJ007,256.3,256.8,0.5,0.107
MNJ007,256.8,257.3,0.5,0.068
MNJ007,257.3,257.8,0.5,0.212
MNJ007,257.8,258.3,0.5,0.149
MNJ007,258.3,258.8,0.5,0.111
MNJ007,258.8,259.3,0.5,0.038
MNJ007,259.3,259.8,0.5,0.171
MNJ007,259.8,260.3,0.5,0.382
MNJ007,260.3,260.8,0.5,0.191
MNJ007,260.8,261.3,0.5,0.058
MNJ007,261.3,261.8,0.5,0.035
MNJ007,261.8,262.3,0.5,0.108
MNJ007,262.3,262.8,0.5,0.049
MNJ007,262.8,263.3,0.5,0.059
MNJ007,263.3,263.8,0.5,0.074
MNJ007,263.8,264.3,0.5,0.066
MNJ007,264.3,264.8,0.5,0.117
MNJ007,264.8,265.3,0.5,0.047
MNJ007,265.3,265.8,0.5,0.064
MNJ007,265.8,266.3,0.5,0.235
MNJ007,266.3,266.8,0.5,0.157
MNJ007,266.8,267.3,0.5,0.217
MNJ007,267.3,267.8,0.5,0.187
MNJ007,267.8,268.3,0.5,0.326
MNJ007,268.3,268.8,0.5,0.268
MNJ007,268.8,269.3,0.5,0.09
MNJ007,269.3,270.3,1,0.072
MNJ007,270.3,271.3,1,0.03
MNJ007,271.3,272.3,1,0.143
MNJ008,57.3,58.3,1,0.008
MNJ008,58.3,59.3,1,0.01
MNJ008,59.3,60.3,1,0.012
MNJ008,60.3,60.8,0.5,0.01
MNJ008,60.8,61.3,0.5,0.036
MNJ008,61.3,62.3,1,0.002
MNJ008,62.3,63.3,1,0.092
MNJ008,63.3,63.8,0.5,0.125
MNJ008,63.8,64.3,0.5,0.059
MNJ008,64.3,65.3,1,0.04
MNJ008,65.3,66.3,1,0.12
MNJ008,66.3,67.3,1,0.01
MNJ008,67.3,68.3,1,0.019
MNJ008,68.3,68.8,0.5,0.041
MNJ008,68.8,69.3,0.5,0.049
MNJ008,69.3,70.3,1,0.008
MNJ008,70.3,71.3,1,0.012
MNJ008,71.3,71.8,0.5,0.046
MNJ008,71.8,72.3,0.5,0.019
MNJ008,72.3,72.8,0.5,0.042
MNJ008,72.8,73.3,0.5,0.065
MNJ008,73.3,73.8,0.5,0.033
MNJ008,73.8,74.3,0.5,0.03
MNJ008,74.3,75.3,1,0.01
MNJ008,75.3,76.3,1,0.001
MNJ008,76.3,77.3,1,0.001
MNJ008,77.3,78.3,1,0.001
MNJ008,78.3,79.3,1,0.006
MNJ008,79.3,80.3,1,0.007
MNJ008,80.3,81.3,1,0.009
MNJ008,81.3,82.3,1,0.025
MNJ008,82.3,83.3,1,0.023
MNJ008,83.3,84.3,1,0.035
MNJ008,84.3,85.3,1,0.028
MNJ008,85.3,86.3,1,0.005
MNJ008,86.3,87.3,1,0.007
MNJ008,87.3,88.3,1,0.001
MNJ008,88.3,89.3,1,0.007
MNJ008,89.3,89.8,0.5,0.003
MNJ008,89.8,90.3,0.5,0.07
MNJ008,90.3,91.3,1,0.028
MNJ008,91.3,92.3,1,0.009
MNJ008,92.3,93.3,1,0.002
MNJ008,104.3,105.3,1,0.037
MNJ008,107.3,108.3,1,0.007
MNJ008,108.3,109.3,1,0.005
MNJ008,111.3,112.3,1,0.007
MNJ008,116.3,117.3,1,0.006
MNJ008,117.3,118.3,1,0.004
MNJ008,120.3,121.3,1,0.013
MNJ008,127,128,1,0.014
MNJ008,128,129,1,0.015
MNJ008,129,130,1,0.013
MNJ008,130,131,1,0.007
MNJ008,131,132,1,0.013
MNJ008,132,133,1,0.012
MNJ008,133,134,1,0.02
MNJ008,135,136.3,1.3,0.031
MNJ008,136.3,137.3,1,0.039
MNJ008,137.3,138.3,1,0.006
MNJ008,138.3,139.3,1,0.002
MNJ008,139.3,139.8,0.5,0.076
MNJ008,139.8,140.3,0.5,0.016
MNJ008,140.3,141.3,1,0.023
MNJ008,141.3,142.3,1,0.006
MNJ008,142.3,143.3,1,0.008
MNJ008,143.3,144.8,1.5,0.007
MNJ008,147.3,148.3,1,0.014
MNJ008,148.3,149.2,0.9,0.019
MNJ008,157.3,158.3,1,0.006
MNJ008,160.3,161.3,1,0.009
MNJ008,161.3,162.3,1,0.005
MNJ008,162.3,163.3,1,0.008
MNJ008,163.3,163.8,0.5,0.01
MNJ008,163.8,164.3,0.5,0.034
MNJ008,164.3,165.3,1,0.008
MNJ008,165.3,165.8,0.5,0.025
MNJ008,165.8,166.3,0.5,0.046
MNJ008,166.3,166.8,0.5,0.038
MNJ008,166.8,167.3,0.5,0.016
MNJ008,167.3,167.8,0.5,0.026
MNJ008,167.8,168.3,0.5,0.065
MNJ008,168.3,168.8,0.5,0.028
MNJ008,168.8,169.3,0.5,0.033
MNJ008,169.3,169.8,0.5,0.09
MNJ008,169.8,170.3,0.5,0.047
MNJ008,170.3,170.8,0.5,0.049
MNJ008,170.8,171.3,0.5,0.1
MNJ008,171.3,171.8,0.5,0.003
MNJ008,171.8,172.3,0.5,0.134
MNJ008,172.3,172.8,0.5,0.115
MNJ008,172.8,173.8,1,0.044
MNJ008,173.8,174.3,0.5,0.286
MNJ008,174.3,175,0.7,0.016
MNJ008,175,175.5,0.5,0.074
MNJ008,175.5,175.9,0.4,0.015
MNJ008,175.9,177.3,1.4,0.068
MNJ008,177.3,178.3,1,0.055
MNJ008,178.3,178.8,0.5,0.01
MNJ008,178.8,179.3,0.5,0.008
MNJ008,179.3,180.3,1,0.022
MNJ008,180.3,181.3,1,0.038
MNJ008,181.3,182.3,1,0.021
MNJ008,182.3,183.3,1,0.017
MNJ008,183.3,184.7,1.4,0.042
MNJ008,184.7,185.3,0.6,1.052
MNJ008,185.3,186.3,1,0.19
MNJ008,186.3,186.8,0.5,0.444
MNJ008,186.8,187.3,0.5,0.054
MNJ008,187.3,187.8,0.5,0.12
MNJ008,187.8,188.3,0.5,0.158
MNJ008,188.3,188.8,0.5,0.152
MNJ008,188.8,189.3,0.5,0.246
MNJ008,189.3,189.8,0.5,0.066
MNJ008,189.8,190.3,0.5,0.119
MNJ008,190.3,190.8,0.5,0.146
MNJ008,190.8,191.3,0.5,0.073
MNJ008,191.3,191.8,0.5,0.075
MNJ008,191.8,192.3,0.5,0.082
MNJ008,192.3,192.8,0.5,0.069
MNJ008,192.8,193.3,0.5,0.02
MNJ008,193.3,193.8,0.5,0.672
MNJ008,193.8,194.3,0.5,0.062
MNJ008,194.3,194.8,0.5,0.776
MNJ008,194.8,195.3,0.5,0.101
MNJ008,195.3,195.8,0.5,1.234
MNJ008,195.8,196.3,0.5,0.54
MNJ008,196.3,196.8,0.5,0.355
MNJ008,196.8,197.3,0.5,0.632
MNJ008,197.3,197.8,0.5,0.146
MNJ008,197.8,198.3,0.5,0.682
MNJ008,198.3,198.8,0.5,0.947
MNJ008,198.8,199.3,0.5,0.773
MNJ008,199.3,199.8,0.5,0.091
MNJ008,199.8,200.3,0.5,0.045
MNJ008,200.3,200.8,0.5,0.057
MNJ008,200.8,201.3,0.5,0.11
MNJ008,201.3,201.8,0.5,0.088
MNJ008,201.8,202.3,0.5,0.019
MNJ008,202.3,202.8,0.5,0.022
MNJ008,202.8,203.3,0.5,0.012
MNJ008,203.3,203.8,0.5,0.034
MNJ008,203.8,204.3,0.5,0.055
MNJ008,204.3,204.8,0.5,0.132
MNJ008,204.8,205.3,0.5,0.059
MNJ008,205.3,206.3,1,0.024
MNJ008,206.3,206.8,0.5,0.025
MNJ008,206.8,207.3,0.5,0.022
MNJ008,207.3,208.3,1,0.023
MNJ008,208.3,209.3,1,0.016
MNJ008,209.3,210.3,1,0.025
MNJ008,210.3,210.8,0.5,0.022
MNJ008,210.8,211.3,0.5,0.011
MNJ008,211.3,211.8,0.5,0.014
MNJ008,211.8,212.3,0.5,0.009
MNJ008,212.3,212.8,0.5,0.115
MNJ008,212.8,213.3,0.5,0.472
MNJ008,213.3,213.8,0.5,0.18
MNJ008,213.8,214.3,0.5,0.042
MNJ008,214.3,214.8,0.5,0.086
MNJ008,214.8,215.3,0.5,0.037
MNJ008,215.3,216.3,1,0.042
MNJ008,216.3,216.8,0.5,0.06
MNJ008,216.8,217.3,0.5,0.028
MNJ008,217.3,218.3,1,0.083
MNJ008,218.3,218.8,0.5,0.074
MNJ008,218.8,219.3,0.5,0.122
MNJ008,219.3,219.8,0.5,0.094
MNJ008,219.8,220.3,0.5,0.066
MNJ008,220.3,220.8,0.5,0.147
MNJ008,220.8,221.3,0.5,0.02
MNJ008,221.3,221.8,0.5,0.027
MNJ008,221.8,222.3,0.5,0.254
MNJ008,222.3,222.8,0.5,0.102
MNJ008,222.8,223.3,0.5,0.085
MNJ008,223.3,223.8,0.5,0.082
MNJ008,223.8,224.3,0.5,0.067
MNJ008,224.3,224.8,0.5,0.042
MNJ008,224.8,225.3,0.5,0.21
MNJ008,225.3,226.3,1,0.03
MNJ008,226.3,227.3,1,0.056
MNJ008,227.3,228.3,1,0.038
MNJ008,228.3,229.3,1,0.025
MNJ008,229.3,230.3,1,0.016
MNJ008,230.3,230.8,0.5,0.134
MNJ008,230.8,231.3,0.5,0.225
MNJ008,231.3,231.8,0.5,0.167
MNJ008,231.8,232.3,0.5,1.563
MNJ008,232.3,232.8,0.5,2.609
MNJ008,232.8,233.3,0.5,3.542
MNJ008,233.3,233.8,0.5,0.899
MNJ008,233.8,234.3,0.5,1.406
MNJ008,234.3,234.8,0.5,0.055
MNJ008,234.8,235.3,0.5,0.021
MNJ008,235.3,235.8,0.5,0.052
MNJ008,235.8,236.3,0.5,0.039
MNJ008,236.3,237.3,1,0.058
MNJ008,237.3,237.8,0.5,0.025
MNJ008,237.8,238.3,0.5,0.029
MNJ008,238.3,238.8,0.5,0.102
MNJ008,238.8,239.3,0.5,0.117
MNJ008,239.3,239.8,0.5,0.202
MNJ008,239.8,240.3,0.5,0.078
MNJ008,240.3,240.8,0.5,0.002
MNJ008,240.8,241.3,0.5,0.071
MNJ008,241.3,242.3,1,0.015
MNJ008,242.3,243.3,1,0.127
MNJ008,243.3,243.8,0.5,0.08
MNJ008,243.8,244.3,0.5,0.09
MNJ008,244.3,244.8,0.5,0.014
MNJ008,244.8,245.3,0.5,0.031
MNJ008,245.3,245.8,0.5,0.022
MNJ008,245.8,246.3,0.5,0.037
MNJ008,246.3,246.8,0.5,0.277
MNJ008,246.8,247.3,0.5,0.06
MNJ008,247.3,247.8,0.5,0.061
MNJ008,247.8,248.3,0.5,0.645
MNJ008,248.3,248.8,0.5,0.393
MNJ008,248.8,249.3,0.5,0.492
MNJ008,249.3,249.8,0.5,0.22
MNJ008,249.8,250.3,0.5,0.087
MNJ008,250.3,250.8,0.5,0.025
MNJ008,250.8,251.3,0.5,0.06
MNJ008,251.3,251.8,0.5,0.124
MNJ008,251.8,252.3,0.5,0.055
MNJ008,252.3,253.3,1,0.02
MNJ008,253.3,254.3,1,0.028
MNJ008,254.3,255.3,1,0.001
MNJ008,255.3,256.3,1,0.001
MNJ008,267.3,268.3,1,0.001
MNJ008,268.3,269.3,1,0.001
MNJ008,269.3,270.3,1,0.053
MNJ008,270.3,270.8,0.5,0.012
MNJ008,270.8,271.3,0.5,0.123
MNJ008,271.3,271.8,0.5,0.022
MNJ008,271.8,272.3,0.5,0.066
MNJ008,272.3,273.3,1,0.033
MNJ008,273.3,274.3,1,0.003
MNJ008,274.3,275.3,1,0.014
MNJ008,299,300,1,0.014
MNJ009,75.30,76.30,1.00,0.062
MNJ009,76.30,77.30,1.00,0.015
MNJ009,77.30,78.30,1.00,0.004
MNJ009,78.30,78.80,0.50,0.133
MNJ009,78.80,79.30,0.50,0.136
MNJ009,79.30,80.30,1.00,0.06
MNJ009,80.30,81.30,1.00,0.048
MNJ009,81.30,82.30,1.00,0.002
MNJ009,120.30,121.30,1.00,0.002
MNJ009,121.30,122.30,1.00,0.001
MNJ009,122.30,123.30,1.00,0.001
MNJ009,123.30,123.80,0.50,0.027
MNJ009,123.80,124.30,0.50,0.016
MNJ009,124.30,124.80,0.50,0.171
MNJ009,124.80,125.30,0.50,0.087
MNJ009,125.30,126.30,1.00,0.001
MNJ009,126.30,127.30,1.00,0.022
MNJ009,127.30,128.30,1.00,0.003
MNJ009,131.30,132.30,1.00,0.04
MNJ009,135.3,136.3,1.00,0.001
MNJ009,136.3,137.3,1.00,0.001
MNJ009,137.3,138.3,1.00,0.002
MNJ009,138.30,138.80,0.50,0.004
MNJ009,138.80,139.30,0.50,0.031
MNJ009,139.30,140.30,1.00,0.001
MNJ009,140.30,141.30,1.00,0.001
MNJ009,163.30,163.80,0.50,0.032
MNJ009,163.80,164.30,0.50,0.096
MNJ009,164.30,165.30,1.00,0.001
MNJ009,253.30,254.30,1.00,0.001
MNJ009,254.30,255.30,1.00,0.001
MNJ009,255.30,256.30,1.00,0.001
MNJ009,256.30,256.80,0.50,0.009
MNJ009,256.80,257.30,0.50,0.075
MNJ009,257.30,258.30,1.00,0.001
MNJ009,258.30,259.30,1.00,0.001
MNJ009,259.30,260.30,1.00,0.001
MNJ009,260.30,261.30,1.00,0.001
MNJ009,261.30,262.30,1.00,0.001
MNJ009,262.30,263.30,1.00,0.052
MNJ009,263.30,264.30,1.00,0.045
MNJ009,264.30,265.30,1.00,0.033
MNJ009,265.30,266.30,1.00,0.011
MNJ009,266.30,267.30,1.00,0.016
MNJ009,267.30,267.80,0.50,0.013
MNJ009,267.80,268.30,0.50,0.344
MNJ009,268.30,269.30,1.00,0.027
MNJ009,269.30,270.30,1.00,0.001
MNJ009,270.30,270.80,0.50,0.084
MNJ009,270.80,271.30,0.50,0.345
MNJ009,271.30,271.80,0.50,0.001
MNJ009,271.80,272.80,1.00,0.002
MNJ009,272.80,273.80,1.00,0.001
MNJ009,273.80,274.80,1.00,0.002
MNJ009,281.30,282.30,1.00,0.057
MNJ009,282.30,283.30,1.00,0.005
MNJ009,283.30,284.30,1.00,0.017
MNJ009,284.30,285.30,1.00,0.014
MNJ009,285.30,285.80,0.50,0.011
MNJ009,285.80,286.30,0.50,0.094
MNJ009,286.30,287.30,1.00,0.001
MNJ009,287.30,288.30,1.00,0.003
MNJ009,288.30,289.30,1.00,0.006
MNJ009,300.30,301.30,1.00,0.001
MNJ009,301.30,302.30,1.00,0.001
MNJ009,302.30,303.30,1.00,0.001
MNJ009,303.30,303.80,0.50,0.001
MNJ009,303.80,304.30,0.50,0.001
MNJ009,304.30,304.80,0.50,0.002
MNJ009,304.80,305.30,0.50,0.002
MNJ009,305.30,305.80,0.50,0.001
MNJ009,305.80,306.30,0.50,0.001
MNJ009,306.30,306.80,0.50,0.02
MNJ009,306.80,307.30,0.50,0.006
MNJ009,307.30,307.80,0.50,0.004
MNJ009,307.80,308.30,0.50,0.008
MNJ009,308.30,308.80,0.50,0.007
MNJ009,308.80,309.30,0.50,0.004
MNJ009,309.30,309.90,0.60,0.001
MNJ009,309.90,310.60,0.70,0.048
MNJ009,310.60,311.20,0.60,0.15
MNJ009,311.20,311.60,0.40,0.081
MNJ009,311.60,312.30,0.70,0.06
MNJ009,312.30,312.80,0.50,0.05
MNJ009,312.80,313.60,0.80,0.025
MNJ009,313.60,314.00,0.40,0.095
MNJ009,314.00,314.60,0.60,0.145
MNJ009,314.60,315.30,0.70,0.154
MNJ009,315.30,316.30,1.00,0.024
MNJ009,316.30,317.30,1.00,0.05
MNJ009,317.30,318.30,1.00,0.066
MNJ009,318.30,318.80,0.50,0.53
MNJ009,318.80,319.30,0.50,1.524
MNJ009,319.30,319.80,0.50,0.828
MNJ009,319.80,320.30,0.50,0.545
MNJ009,320.30,320.80,0.50,0.915
MNJ009,320.80,321.30,0.50,1.37
MNJ009,321.30,321.80,0.50,2.349
MNJ009,321.80,322.30,0.50,1.502
MNJ009,322.30,323.30,1.00,0.09
MNJ009,323.30,324.30,1.00,0.022
MNJ009,324.30,324.80,0.50,0.335
MNJ009,324.80,325.30,0.50,0.052
MNJ009,325.30,326.30,1.00,0.03
MNJ009,326.30,327.30,1.00,0.016
MNJ009,327.30,328.30,1.00,0.015
MNJ009,328.3,329.3,1.00,0.018
MNJ009,329.3,330.3,1.00,0.02
MNJ009,330.30,330.80,0.50,0.056
MNJ009,330.80,331.30,0.50,0.157
MNJ009,331.30,332.30,1.00,0.049
MNJ009,332.30,333.30,1.00,0.045
MNJ009,333.30,334.30,1.00,0.011
MNJ009,334.30,335.30,1.00,0.058
MNJ009,335.30,336.30,1.00,0.005
MNJ009,336.30,337.30,1.00,0.003
MNJ009,337.30,338.30,1.00,0.014
MNJ009,338.30,339.30,1.00,0.085
MNJ009,339.30,339.80,0.50,0.072
MNJ009,339.80,340.30,0.50,0.029
MNJ009,340.30,340.80,0.50,0.279
MNJ009,340.80,341.30,0.50,0.341
MNJ009,341.30,342.30,1.00,0.004
MNJ009,342.30,343.30,1.00,0.031
MNJ009,343.30,344.30,1.00,0.012
MNJ009,344.30,345.30,1.00,0.033
MNJ009,345.30,345.80,0.50,0.271
MNJ009,345.80,346.30,0.50,0.127
MNJ009,346.30,347.30,1.00,0.178
MNJ009,347.30,348.30,1.00,0.029
MNJ009,348.30,349.30,1.00,0.016
MNJ009,359.30,360.30,1.00,0.015
MNJ009,360.30,361.30,1.00,0.009
MNJ009,361.30,362.40,1.10,0.004
MNJ009,362.40,362.90,0.50,0.073
MNJ009,362.90,363.30,0.40,0.156
MNJ009,363.30,364.10,0.80,0.022
MNJ009,364.10,364.60,0.50,0.165
MNJ009,364.60,365.60,1.00,0.023
MNJ009,365.60,366.30,0.70,0.028
MNJ009,366.30,367.00,0.70,0.008
MNJ009,367.00,367.60,0.60,0.016
MNJ009,367.60,368.20,0.60,0.041
MNJ009,368.20,368.90,0.70,0.628
MNJ009,368.90,369.30,0.40,0.115
MNJ009,369.30,370.30,1.00,0.029
MNJ009,370.30,371.30,1.00,0.042
MNJ009,371.30,372.30,1.00,0.052
MNJ009,386.30,387.30,1.00,0.01
MNJ009,387.30,388.30,1.00,0.024
MNJ009,388.30,389.30,1.00,0.033
MNJ009,389.30,390.30,1.00,0.018
MNJ009,390.30,390.80,0.50,0.068
MNJ009,390.80,391.30,0.50,0.049
MNJ009,391.30,391.80,0.50,0.329
MNJ009,391.80,392.30,0.50,0.916
MNJ009,392.30,392.80,0.50,0.199
MNJ009,392.80,393.30,0.50,0.277
MNJ009,393.30,393.80,0.50,0.418
MNJ009,393.80,394.30,0.50,0.122
MNJ009,394.30,394.80,0.50,0.026
MNJ009,394.80,395.30,0.50,0.145
MNJ009,395.30,395.80,0.50,0.22
MNJ009,395.80,396.30,0.50,0.018
MNJ009,396.30,397.30,1.00,0.073
MNJ009,397.30,398.30,1.00,0.066
MNJ009,398.30,398.80,0.50,0.165
MNJ009,398.80,399.30,0.50,0.157
MNJ009,399.30,400.10,0.80,0.062
MNJ009,400.10,400.80,0.70,0.229
MNJ009,400.80,401.80,1.00,0.069
MNJ009,401.80,402.30,0.50,0.128
MNJ009,402.30,403.30,1.00,0.118
MNJ009,403.30,404.30,1.00,0.058
MNJ009,404.30,405.30,1.00,0.072
MNJ010,77.30,78.30,1.00,0.017
MNJ010,78.30,79.30,1.00,0.027
MNJ010,79.30,80.30,1.00,0.036
MNJ010,80.30,80.80,0.50,0.043
MNJ010,80.80,81.30,0.50,0.087
MNJ010,81.30,82.30,1.00,0.049
MNJ010,82.30,83.30,1.00,0.043
MNJ010,83.30,84.30,1.00,0.04
MNJ010,84.30,85.30,1.00,0.032
MNJ010,85.30,86.00,0.70,0.016
MNJ010,99.30,100.30,1.00,0.012
MNJ010,100.30,101.30,1.00,0.015
MNJ010,101.30,102.30,1.00,0.004
MNJ010,102.30,102.80,0.50,0.045
MNJ010,102.80,103.30,0.50,0.131
MNJ010,103.30,104.30,1.00,0.093
MNJ010,104.30,105.30,1.00,0.042
MNJ010,105.30,105.80,0.50,0.029
MNJ010,105.80,106.30,0.50,0.008
MNJ010,106.30,107.30,1.00,0.012
MNJ010,107.30,108.30,1.00,0.019
MNJ010,108.30,108.80,0.50,0.047
MNJ010,108.80,109.30,0.50,0.009
MNJ010,109.30,109.80,0.50,0.052
MNJ010,109.80,110.30,0.50,0.009
MNJ010,110.30,110.80,0.50,0.007
MNJ010,110.80,111.30,0.50,0.006
MNJ010,111.30,112.30,1.00,0.012
MNJ010,112.30,112.80,0.50,0.034
MNJ010,112.80,113.30,0.50,0.009
MNJ010,113.30,113.80,0.50,0.01
MNJ010,113.80,114.30,0.50,0.144
MNJ010,114.30,115.30,1.00,0.006
MNJ010,115.30,116.30,1.00,0.001
MNJ010,116.30,116.80,0.50,0.008
MNJ010,116.80,117.30,0.50,0.054
MNJ010,117.30,117.80,0.50,0.016
MNJ010,117.80,118.30,0.50,0.011
MNJ010,118.30,119.30,1.00,0.037
MNJ010,119.30,120.30,1.00,0.02
MNJ010,120.30,121.30,1.00,0.056
MNJ010,121.30,121.80,0.50,0.022
MNJ010,121.80,122.30,0.50,0.009
MNJ010,122.30,123.30,1.00,0.002
MNJ010,123.30,123.80,0.50,0.038
MNJ010,123.80,124.30,0.50,0.034
MNJ010,124.30,125.30,1.00,0.01
MNJ010,125.30,126.30,1.00,0.015
MNJ010,126.30,127.30,1.00,0.005
MNJ010,127.30,127.80,0.50,0.011
MNJ010,127.80,128.30,0.50,0.004
MNJ010,128.30,129.30,1.00,0.004
MNJ010,129.30,130.30,1.00,0.012
MNJ010,130.30,131.30,1.00,0.006
MNJ010,131.30,132.30,1.00,0.006
MNJ010,132.30,133.30,1.00,0.004
MNJ010,133.30,134.30,1.00,0.002
MNJ010,134.30,135.30,1.00,0.014
MNJ010,135.30,136.30,1.00,0.003
MNJ010,136.30,137.30,1.00,0.022
MNJ010,137.30,138.30,1.00,0.033
MNJ010,138.30,138.80,0.50,0.069
MNJ010,138.80,139.30,0.50,0.041
MNJ010,139.30,139.80,0.50,0.059
MNJ010,139.80,140.30,0.50,0.061
MNJ010,140.30,140.80,0.50,0.024
MNJ010,140.80,141.30,0.50,0.028
MNJ010,141.30,141.80,0.50,0.067
MNJ010,141.80,142.30,0.50,0.1
MNJ010,142.30,142.80,0.50,0.037
MNJ010,142.80,143.30,0.50,0.021
MNJ010,143.30,144.30,1.00,0.029
MNJ010,144.30,144.80,0.50,0.315
MNJ010,144.80,145.30,0.50,0.061
MNJ010,145.30,145.80,0.50,0.008
MNJ010,145.80,146.30,0.50,0.011
MNJ010,146.30,147.30,1.00,0.007
MNJ010,147.30,147.80,0.50,0.006
MNJ010,147.80,148.30,0.50,0.005
MNJ010,148.30,149.30,1.00,0.021
MNJ010,149.30,150.30,1.00,0.008
MNJ010,150.30,150.80,0.50,0.179
MNJ010,150.80,151.30,0.50,0.02
MNJ010,151.30,152.30,1.00,0.006
MNJ010,152.30,153.30,1.00,0.011
MNJ010,153.30,154.30,1.00,0.007
MNJ010,159.30,160.30,1.00,0.014
MNJ010,160.30,161.30,1.00,0.04
MNJ010,161.30,162.30,1.00,0.048
MNJ010,162.30,163.30,1.00,0.022
MNJ010,163.30,163.80,0.50,0.048
MNJ010,163.80,164.30,0.50,0.154
MNJ010,164.30,164.80,0.50,0.062
MNJ010,164.80,165.30,0.50,0.539
MNJ010,165.30,166.30,1.00,0.163
MNJ010,166.30,166.80,0.50,0.331
MNJ010,166.80,167.30,0.50,0.459
MNJ010,167.30,167.80,0.50,0.313
MNJ010,167.80,168.30,0.50,0.08
MNJ010,168.30,168.80,0.50,0.088
MNJ010,168.80,169.30,0.50,0.883
MNJ010,169.30,169.80,0.50,2.971
MNJ010,169.80,170.30,0.50,0.438
MNJ010,170.30,170.80,0.50,0.399
MNJ010,170.80,171.30,0.50,1.117
MNJ010,171.30,171.80,0.50,1.449
MNJ010,171.80,172.30,0.50,2.096
MNJ010,172.30,172.80,0.50,0.948
MNJ010,172.80,173.30,0.50,0.482
MNJ010,173.30,173.80,0.50,0.059
MNJ010,173.80,174.30,0.50,0.049
MNJ010,174.30,175.00,0.70,0.091
MNJ010,175.00,175.50,0.50,0.069
MNJ010,175.50,176.00,0.50,0.023
MNJ010,176.00,176.50,0.50,0.071
MNJ010,176.50,177.00,0.50,0.183
MNJ010,177.00,177.60,0.60,0.04
MNJ010,177.60,178.30,0.70,0.012
MNJ010,178.30,179.30,1.00,0.015
MNJ010,179.30,180.30,1.00,0.025
MNJ010,180.30,181.30,1.00,0.018
MNJ010,181.30,182.30,1.00,0.137
MNJ010,182.30,183.30,1.00,0.007
MNJ010,183.30,183.80,0.50,0.054
MNJ010,183.80,184.30,0.50,0.225
MNJ010,184.30,185.30,1.00,0.065
MNJ010,185.30,186.30,1.00,0.051
MNJ010,186.30,186.80,0.50,0.162
MNJ010,186.80,187.30,0.50,0.289
MNJ010,187.30,187.80,0.50,0.039
MNJ010,187.80,188.30,0.50,0.164
MNJ010,188.30,188.80,0.50,0.133
MNJ010,188.80,189.30,0.50,0.82
MNJ010,189.30,189.80,0.50,0.761
MNJ010,189.80,190.30,0.50,0.468
MNJ010,190.30,190.80,0.50,0.087
MNJ010,190.80,191.80,1.00,0.082
MNJ010,191.80,192.30,0.50,0.017
MNJ010,192.30,193.30,1.00,0.098
MNJ010,193.30,194.30,1.00,0.067
MNJ010,194.30,195.30,1.00,0.101
MNJ010,195.30,196.20,0.90,0.057
MNJ010,196.20,197.20,1.00,0.076
MNJ010,197.20,198.30,1.10,0.076
MNJ010,198.30,198.80,0.50,0.047
MNJ010,198.80,199.30,0.50,0.05
MNJ010,199.30,199.80,0.50,0.204
MNJ010,199.80,200.30,0.50,0.03
MNJ010,200.30,201.30,1.00,0.032
MNJ010,201.30,201.80,0.50,0.181
MNJ010,201.80,202.30,0.50,0.03
MNJ010,202.30,203.30,1.00,0.024
MNJ010,203.30,203.80,0.50,0.184
MNJ010,203.80,204.30,0.50,0.023
MNJ010,204.30,204.80,0.50,0.149
MNJ010,204.80,205.80,1.00,0.058
MNJ010,205.80,206.80,1.00,0.27
MNJ010,206.80,207.30,0.50,0.066
MNJ010,207.30,208.30,1.00,0.015
MNJ010,208.30,209.30,1.00,0.022
MNJ010,212.30,213.30,1.00,0.032
MNJ010,213.30,214.30,1.00,0.173
MNJ010,214.30,215.30,1.00,0.044
MNJ010,215.30,216.30,1.00,0.027
MNJ011,40.00,41.00,1.00,0.002
MNJ011,41.00,42.00,1.00,0.002
MNJ011,42.00,43.00,1.00,0.001
MNJ011,43.00,43.50,0.50,0.049
MNJ011,43.50,44.00,0.50,0.042
MNJ011,44.00,45.00,1.00,0.005
MNJ011,80.30,81.30,1.00,0.001
MNJ011,81.30,82.30,1.00,0.001
MNJ011,82.30,83.30,1.00,0.001
MNJ011,83.30,84.00,0.70,0.024
MNJ011,84.00,84.60,0.60,0.005
MNJ011,84.60,85.00,0.40,0.296
MNJ011,85.00,85.60,0.60,0.382
MNJ011,85.60,86.30,0.70,0.012
MNJ011,90.30,91.30,1.00,0.006
MNJ011,91.30,91.80,0.50,0.001
MNJ011,132.30,133.30,1.00,0.005
MNJ011,133.30,134.30,1.00,0.004
MNJ011,134.30,135.30,1.00,0.002
MNJ011,135.30,135.80,0.50,0.023
MNJ011,135.80,136.30,0.50,0.051
MNJ011,136.30,137.30,1.00,0.006
MNJ011,138.30,139.30,1.00,0.001
MNJ011,139.30,139.80,0.50,0.002
MNJ011,139.80,140.30,0.50,0.007
MNJ011,140.30,141.30,1.00,0.002
MNJ011,141.30,142.30,1.00,0.003
MNJ011,142.30,143.30,1.00,0.001
MNJ011,144.30,145.30,1.00,0.001
MNJ011,145.30,146.30,1.00,0.001
MNJ011,146.30,147.30,1.00,0.001
MNJ011,147.30,147.80,0.50,0.162
MNJ011,147.80,148.30,0.50,0.068
MNJ011,148.30,148.80,0.50,0.023
MNJ011,148.80,149.80,1.00,0.002
MNJ011,149.80,150.30,0.50,0.001
MNJ011,154.30,155.30,1.00,0.001
MNJ011,155.30,156.30,1.00,0.001
MNJ011,156.30,157.30,1.00,0.004
MNJ011,157.30,157.80,0.50,0.34
MNJ011,157.80,158.30,0.50,0.08
MNJ011,158.30,159.30,1.00,0.004
MNJ011,165.30,166.30,1.00,0.003
MNJ011,166.30,167.30,1.00,0.006
MNJ011,167.30,168.30,1.00,0.031
MNJ011,168.30,169.30,1.00,0.001
MNJ011,169.30,170.30,1.00,0.012
MNJ011,170.30,171.30,1.00,0.001
MNJ011,171.30,171.80,0.50,0.03
MNJ011,171.80,172.30,0.50,0.045
MNJ011,172.30,173.30,1.00,0.002
MNJ011,173.30,174.30,1.00,0.002
MNJ011,184.30,185.30,1.00,0.015
MNJ011,185.30,186.30,1.00,0.006
MNJ011,186.30,187.30,1.00,0.019
MNJ011,187.30,187.80,0.50,0.078
MNJ011,187.80,188.30,0.50,0.495
MNJ011,188.30,189.30,1.00,0.076
MNJ011,189.30,189.80,0.50,0.015
MNJ011,189.80,190.80,1.00,0.004
MNJ011,190.80,191.30,0.50,0.004
MNJ011,191.30,192.30,1.00,0.005
MNJ011,192.30,193.30,1.00,0.012
MNJ011,193.30,194.30,1.00,0.005
MNJ011,194.30,194.60,0.30,0.002
MNJ011,194.60,195.00,0.40,0.045
MNJ011,195.00,195.30,0.30,0.021
MNJ011,195.30,195.80,0.50,0.101
MNJ011,195.80,196.30,0.50,0.267
MNJ011,196.30,196.80,0.50,0.176
MNJ011,196.80,197.30,0.50,0.285
MNJ011,197.30,197.80,0.50,0.082
MNJ011,197.80,198.30,0.50,0.019
MNJ011,198.30,198.80,0.50,0.052
MNJ011,198.80,199.30,0.50,0.093
MNJ011,199.30,199.80,0.50,0.455
MNJ011,199.80,200.30,0.50,1.035
MNJ011,200.30,200.80,0.50,0.188
MNJ011,200.80,201.30,0.50,0.163
MNJ011,201.30,202.30,1.00,0.001
MNJ011,202.30,202.80,0.50,0.001
MNJ011,202.80,203.30,0.50,0.014
MNJ011,203.30,203.80,0.50,0.057
MNJ011,203.80,204.30,0.50,0.057
MNJ011,204.30,204.80,0.50,0.125
MNJ011,204.80,205.30,0.50,0.139
MNJ011,205.30,205.80,0.50,0.359
MNJ011,205.80,206.30,0.50,0.147
MNJ011,206.30,206.80,0.50,0.403
MNJ011,206.80,207.30,0.50,0.091
MNJ011,207.30,207.80,0.50,0.111
MNJ011,207.80,208.30,0.50,0.12
MNJ011,208.30,208.80,0.50,0.105
MNJ011,208.80,209.30,0.50,0.096
MNJ011,209.30,209.80,0.50,0.103
MNJ011,209.80,210.30,0.50,0.03
MNJ011,210.30,210.80,0.50,0.162
MNJ011,210.80,211.30,0.50,0.044
MNJ011,211.30,212.30,1.00,0.092
MNJ011,212.30,213.30,1.00,0.041
MNJ011,213.30,214.30,1.00,0.015
MNJ011,214.30,214.80,0.50,0.246
MNJ011,214.80,215.30,0.50,0.223
MNJ011,215.30,216.30,1.00,0.068
MNJ011,216.30,216.80,0.50,0.067
MNJ011,216.80,217.30,0.50,0.023
MNJ011,217.30,217.80,0.50,0.306
MNJ011,217.80,218.30,0.50,0.039
MNJ011,218.30,218.80,0.50,0.117
MNJ011,218.80,219.30,0.50,0.086
MNJ011,219.30,220.30,1.00,0.051
MNJ011,220.30,221.30,1.00,0.164
MNJ011,221.30,221.80,0.50,0.052
MNJ011,221.80,222.30,0.50,0.131
MNJ011,222.30,222.80,0.50,0.172
MNJ011,222.80,223.30,0.50,0.102
MNJ011,223.30,223.80,0.50,0.065
MNJ011,223.80,224.30,0.50,0.272
MNJ011,224.30,224.80,0.50,0.039
MNJ011,224.80,225.30,0.50,0.077
MNJ011,225.30,225.80,0.50,0.168
MNJ011,225.80,226.30,0.50,0.202
MNJ011,226.30,226.80,0.50,0.185
MNJ011,226.80,227.30,0.50,0.077
MNJ011,227.30,227.80,0.50,0.142
MNJ011,227.80,228.30,0.50,0.127
MNJ011,228.30,228.70,0.40,0.339
MNJ011,228.70,229.30,0.60,0.268
MNJ011,229.30,230.00,0.70,0.037
MNJ011,230.00,230.80,0.80,0.077
MNJ011,230.80,231.30,0.50,0.015
MNJ011,231.30,232.30,1.00,0.011
MNJ011,232.30,233.30,1.00,0.047
MNJ011,233.30,233.80,0.50,0.177
MNJ011,233.80,234.30,0.50,0.479
MNJ011,234.30,234.80,0.50,1.289
MNJ011,234.80,235.30,0.50,0.175
MNJ011,235.30,236.30,1.00,0.02
MNJ011,236.30,237.30,1.00,0.017
MNJ011,237.30,237.80,0.50,0.434
MNJ011,237.80,238.30,0.50,0.215
MNJ011,238.30,238.80,0.50,0.389
MNJ011,238.80,239.80,1.00,0.033
MNJ011,239.80,240.30,0.50,0.305
MNJ011,240.30,240.90,0.60,0.03
MNJ011,240.90,241.40,0.50,0.037
MNJ011,241.40,241.80,0.40,0.607
MNJ011,241.80,242.30,0.50,0.826
MNJ011,242.30,242.80,0.50,0.251
MNJ011,242.80,243.30,0.50,0.027
MNJ011,243.30,243.80,0.50,0.187
MNJ011,243.80,244.80,1.00,0.003
MNJ011,244.80,245.80,1.00,0.023
MNJ011,245.80,246.30,0.50,0.003
MNJ011,246.30,247.30,1.00,0.001
MNJ011,247.30,247.80,0.50,0.055
MNJ011,247.80,248.30,0.50,0.397
MNJ011,248.30,248.80,0.50,0.145
MNJ011,248.80,249.30,0.50,0.273
MNJ011,249.30,249.70,0.40,0.581
MNJ011,249.70,250.00,0.30,0.384
MNJ011,250.00,250.70,0.70,0.374
MNJ011,250.70,251.30,0.60,0.11
MNJ011,251.30,251.80,0.50,0.38
MNJ011,251.80,252.30,0.50,0.176
MNJ011,252.30,253.30,1.00,0.018
MNJ011,253.30,253.80,0.50,0.49
MNJ011,253.80,254.40,0.60,0.038
MNJ011,254.40,255.00,0.60,0.613
MNJ011,255.00,255.40,0.40,0.107
MNJ011,255.40,255.70,0.30,0.21
MNJ011,255.70,256.70,1.00,0.179
MNJ011,256.70,257.70,1.00,0.029
MNJ011,257.70,258.30,0.60,0.042
MNJ011,258.30,259.00,0.70,0.072
MNJ011,259.00,259.80,0.80,0.096
MNJ011,259.80,260.30,0.50,1.853
MNJ011,260.30,261.30,1.00,0.291
MNJ011,261.30,262.30,1.00,0.071
MNJ011,262.30,262.80,0.50,0.313
MNJ011,262.80,263.30,0.50,0.204
MNJ011,263.30,263.60,0.30,4.085
MNJ011,263.60,264.30,0.70,0.068
MNJ011,273.30,274.30,1.00,0.286
MNJ011,274.30,275.30,1.00,0.072
MNJ011,275.30,275.90,0.60,0.056
MNJ011,275.90,276.30,0.40,0.03
MNJ011,276.30,276.80,0.50,0.093
MNJ011,276.80,277.30,0.50,0.057
MNJ011,277.30,277.80,0.50,0.003
MNJ011,277.80,278.30,0.50,0.115
MNJ011,278.30,278.80,0.50,0.143
MNJ011,278.80,279.30,0.50,0.181
MNJ011,279.30,279.80,0.50,0.048
MNJ011,279.80,280.30,0.50,0.012
MNJ011,280.30,281.30,1.00,0.001
MNJ011,281.30,282.30,1.00,0.003
MNJ011,282.30,283.30,1.00,0.017
MNJ011,283.30,283.80,0.50,0.149
MNJ011,283.80,284.30,0.50,0.014
MNJ011,284.30,285.30,1.00,0.025
MNJ011,285.30,286.30,1.00,0.02
MNJ011,286.30,287.30,1.00,0.017
MNJ011,287.30,288.30,1.00,0.032
MNJ011,288.30,289.30,1.00,0.029
MNJ011,289.30,289.80,0.50,0.019
MNJ011,289.80,290.30,0.50,0.161
MNJ011,290.30,290.80,0.50,0.044
MNJ011,290.80,291.30,0.50,0.049
MNJ011,291.30,292.30,1.00,0.025
MNJ011,292.30,293.30,1.00,0.013
MNJ011,293.30,294.30,1.00,0.024
MNJ012,57,58,1,0
MNJ012,75.3,76.3,1,0.04
MNJ012,76.3,77.3,1,0
MNJ012,77.3,78.3,1,0.01
MNJ012,78.3,78.8,0.5,0
MNJ012,78.8,79.3,0.5,0.03
MNJ012,79.3,79.8,0.5,0.25
MNJ012,79.8,80.3,0.5,0.89
MNJ012,80.3,80.8,0.5,0.31
MNJ012,80.8,81.3,0.5,0.1
MNJ012,81.3,82.3,1,0.01
MNJ012,82.3,83.3,1,0.01
MNJ012,83.3,84.3,1,0
MNJ012,141.3,142.3,1,0.01
MNJ012,142.3,143.3,1,0.01
MNJ012,143.3,144.3,1,0
MNJ012,144.3,144.8,0.5,0.08
MNJ012,144.8,145.3,0.5,0.07
MNJ012,145.3,146.3,1,0.01
MNJ012,146.3,147.3,1,0
MNJ012,147.3,148.3,1,0
MNJ012,176.3,177.3,1,0.05
MNJ012,177.3,178.3,1,0.03
MNJ012,178.3,179.8,1.5,0
MNJ012,179.8,180.3,0.5,0.01
MNJ012,180.3,181.3,1,0
MNJ012,181.3,182.3,1,0
MNJ012,182.3,183.3,1,0
MNJ012,185.3,186.3,1,0
MNJ012,186.3,187.3,1,0
MNJ012,187.3,188.3,1,0
MNJ012,188.3,188.8,0.5,0.05
MNJ012,188.8,189.3,0.5,0.09
MNJ012,189.3,189.8,0.5,0.07
MNJ012,189.8,190.3,0.5,0.16
MNJ012,190.3,191.3,1,0.01
MNJ012,191.3,192.3,1,0
MNJ012,192.3,193.3,1,0
MNJ012,203.3,204.3,1,0.01
MNJ012,204.3,205.3,1,0
MNJ012,205.3,206.3,1,0.03
MNJ012,206.3,206.8,0.5,0.08
MNJ012,206.8,207.3,0.5,0
MNJ012,207.3,208.3,1,0.03
MNJ012,208.3,209.3,1,0.02
MNJ012,209.3,210.3,1,0.01
MNJ012,210.3,211.3,1,0.01
MNJ012,211.3,211.8,0.5,0.11
MNJ012,211.8,212.8,1,0
MNJ012,212.8,213.8,1,0.01
MNJ012,213.8,214.8,1,0.01
MNJ012,257.3,258.3,1,0
MNJ012,258.3,259.3,1,0
MNJ012,259.3,259.9,0.6,0
MNJ012,259.9,260.5,0.6,0.01
MNJ012,260.5,261,0.5,0.3
MNJ012,261,261.4,0.4,0.02
MNJ012,261.4,262,0.6,1.05
MNJ012,262,262.5,0.5,0.54
MNJ012,262.5,263,0.5,0.04
MNJ012,263,263.6,0.6,6.34
MNJ012,263.6,264.3,0.7,0.11
MNJ012,264.3,264.7,0.4,0.47
MNJ012,264.7,265.7,1,0.01
MNJ012,265.7,266.7,1,0
MNJ012,266.7,267.7,1,0
MNJ012,267.7,268.7,1,0.02
MNJ012,272.3,273.3,1,0.01
MNJ012,273.3,274.3,1,0.01
MNJ012,274.3,275.3,1,0.01
MNJ012,275.3,275.8,0.5,0
MNJ012,275.8,276.3,0.5,0.1
MNJ012,276.3,277.1,0.8,0.01
MNJ012,277.1,277.7,0.6,0.15
MNJ012,277.7,278.4,0.7,0.02
MNJ012,278.4,278.85,0.45,0.18
MNJ012,278.85,279.3,0.45,0.15
MNJ012,279.3,279.9,0.6,0.06
MNJ012,279.9,280.3,0.4,0.18
MNJ012,280.3,281.3,1,0.03
MNJ012,281.3,281.8,0.5,0.15
MNJ012,281.8,282.3,0.5,0.11
MNJ012,282.3,283,0.7,0.15
MNJ012,283,283.4,0.4,0
MNJ012,283.4,284,0.6,0
MNJ012,284,284.5,0.5,0.02
MNJ012,284.5,285.3,0.8,0.02
MNJ012,285.3,286.3,1,0.02
MNJ012,286.3,287.3,1,0.03
MNJ012,287.3,288.3,1,0.03
MNJ012,288.3,288.8,0.5,0.17
MNJ012,288.8,289.5,0.7,0
MNJ012,289.5,290.3,0.8,0.02
MNJ012,290.3,290.8,0.5,0.15
MNJ012,290.8,291.3,0.5,0.05
MNJ012,291.3,291.8,0.5,0.11
MNJ012,291.8,292.3,0.5,0.04
MNJ012,292.3,293.3,1,0.04
MNJ012,293.3,294.3,1,0.01
MNJ012,294.3,295.3,1,0
MNJ012,295.3,296.3,1,0.01
MNJ012,296.3,297.3,1,0
MNJ012,297.3,298.3,1,0
MNJ012,298.3,299.3,1,0
MNJ012,299.3,299.8,0.5,0.01
MNJ012,299.8,300.3,0.5,0.16
MNJ012,300.3,301.3,1,0.03
MNJ012,301.3,302.3,1,0.05
MNJ012,302.3,303.3,1,0.03
MNJ012,303.3,304.3,1,0.02
MNJ012,304.3,305.3,1,0.02
MNJ012,305.3,306.3,1,0.05
MNJ012,306.3,307.3,1,0.03
MNJ012,307.3,308.3,1,0.05
MNJ012,308.3,309.3,1,0.05
MNJ012,309.3,309.8,0.5,0.04
MNJ012,309.8,310.3,0.5,0.19
MNJ012,310.3,310.8,0.5,0.06
MNJ012,310.8,311.3,0.5,0.04
MNJ012,311.3,312.3,1,0.03
MNJ012,312.3,313.3,1,0.02
MNJ012,313.3,314.3,1,0.01
MNJ012,345.3,346.3,1,0.01
MNJ012,346.3,347.3,1,0.12
MNJ012,347.3,348.3,1,0.01
MNJ012,348.3,348.8,0.5,1.15
MNJ012,348.8,349.3,0.5,0.12
MNJ012,349.3,350.3,1,0.06
MNJ012,350.3,351.3,1,0.06
MNJ012,351.3,351.8,0.5,0.54
MNJ012,351.8,352.3,0.5,0.05
MNJ012,352.3,352.8,0.5,0
MNJ012,352.8,353.3,0.5,0
MNJ012,353.3,354.3,1,0.06
MNJ012,354.3,355.3,1,0.01
MNJ012,355.3,356.3,1,0.06
MNJ012,356.3,357.3,1,0.01
MNJ012,357.3,358.3,1,0.02
MNJ012,358.3,359.3,1,0.07
MNJ012,359.3,360.3,1,0.03
MNJ012,360.3,361.3,1,0.08
MNJ012,361.3,362.3,1,0.1
MNJ012,362.3,363.3,1,0.16
MNJ012,363.3,363.8,0.5,0.18
MNJ012,363.8,364.3,0.5,0.11
MNJ012,364.3,365.3,1,0.1
MNJ012,365.3,366.3,1,0.06
MNJ012,366.3,367.3,1,0.06
MNJ012,367.3,367.8,0.5,0.14
MNJ012,367.8,368.3,0.5,0.32
MNJ012,368.3,368.8,0.5,0.12
MNJ012,368.8,369.3,0.5,0.04
MNJ012,369.3,369.8,0.5,0.14
MNJ012,369.8,370.3,0.5,0.02
MNJ012,370.3,370.8,0.5,0.1
MNJ012,370.8,371.3,0.5,0.62
MNJ012,371.3,371.8,0.5,1.72
MNJ012,371.8,372.3,0.5,0.08
MNJ012,372.3,372.8,0.5,1.49
MNJ012,372.8,373.3,0.5,0.09
MNJ012,373.3,374.3,1,0.09
MNJ012,374.3,374.8,0.5,0.27
MNJ012,374.8,375.3,0.5,0.1
MNJ012,375.3,376.3,1,0.12
MNJ012,376.3,377.3,1,0.1
MNJ012,377.3,378.3,1,0.25
MNJ012,378.3,378.8,0.5,0.23
MNJ012,378.8,379.3,0.5,0.12
MNJ012,379.3,380.3,1,0.03
MNJ012,380.3,380.8,0.5,0.34
MNJ012,380.8,381.3,0.5,0.1
MNJ012,381.3,382.3,1,0.1
MNJ012,382.3,383.3,1,0.11
MNJ012,383.3,384.3,1,0.03
MNJ012,384.3,385.3,1,0.02
MNJ012,385.3,386.3,1,0.04
MNJ012,386.3,387.3,1,0
MNJ012,387.3,388.3,1,0
MNJ012,388.3,389.3,1,0.01
MNJ012,389.3,389.8,0.5,0.41
MNJ012,389.8,390.3,0.5,0
MNJ012,390.3,391.3,1,0
MNJ012,391.3,391.8,0.5,0.38
MNJ012,391.8,392.3,0.5,0.02
MNJ012,392.3,393.3,1,0.09
MNJ012,393.3,393.8,0.5,0.23
MNJ012,393.8,394.3,0.5,0.07
MNJ012,394.3,394.8,0.5,0.21
MNJ012,394.8,395.3,0.5,0.31
MNJ012,395.3,395.8,0.5,0.15
MNJ012,395.8,396.3,0.5,0.89
MNJ012,396.3,396.9,0.6,0.7
MNJ012,396.9,397.9,1,0.23
MNJ012,397.9,398.8,0.9,0.03
MNJ012,398.8,399.3,0.5,0.04
MNJ012,399.3,400.3,1,0.06
MNJ012,400.3,401.3,1,0.09
MNJ012,401.3,402.3,1,0.12
MNJ012,402.3,403.3,1,0.05
MNJ012,403.3,404.3,1,0.05
MNJ012,404.3,405.3,1,0.01
MNJ012,405.3,405.9,0.6,0.26
MNJ012,405.9,406.5,0.6,0.09
MNJ012,406.5,406.8,0.3,2.44
MNJ012,406.8,407.3,0.5,0.03
MNJ012,407.3,408.3,1,0.01
MNJ012,408.3,409.3,1,0.01
MNJ012,409.3,410.3,1,0
MNJ012,410.3,411.3,1,0
MNJ012,411.3,412.3,1,0.02
MNJ012,412.3,413.3,1,0.03
MNJ012,413.3,414.3,1,0
MNJ012,414.3,415.3,1,0.01
MNJ012,415.3,416.3,1,0.02
MNJ012,416.3,416.8,0.5,0.01
MNJ012,416.8,417.8,1,0.03
MNJ012,417.8,418.8,1,0.03
MNJ012,418.8,419.8,1,0.01
MNJ013,142.8,143.8,1,0
MNJ013,143.8,144.8,1,0.01
MNJ013,144.8,145.8,1,0
MNJ013,145.8,146.3,0.5,0.53
MNJ013,146.3,146.8,0.5,0.37
MNJ013,146.8,147.3,0.5,0.27
MNJ013,147.3,148.3,1,0.01
MNJ013,148.3,149.3,1,0.02
MNJ013,149.3,150.3,1,0.01
MNJ013,419.3,420.3,1,0
MNJ013,420.3,421.3,1,0
MNJ013,421.3,422.3,1,0
MNJ013,422.3,422.8,0.5,0.08
MNJ013,422.8,423.3,0.5,0.18
MNJ013,423.3,423.8,0.5,0.16
MNJ013,423.8,424.3,0.5,0.07
MNJ013,424.3,425.3,1,0.04
MNJ013,425.3,426.3,1,0.01
MNJ013,426.3,426.8,0.5,0.01
MNJ013,426.8,427.3,0.5,0.57
MNJ013,427.3,427.8,0.5,0.39
MNJ013,427.8,428.3,0.5,0.17
MNJ013,428.3,428.8,0.5,0.75
MNJ013,428.8,429.3,0.5,0.37
MNJ013,429.3,429.8,0.5,0.04
MNJ013,429.8,430.8,1,0
MNJ013,430.8,431.8,1,0
MNJ013,431.8,432.8,1,0
MNJ013,432.8,433.8,1,0
MNJ013,433.8,434.8,1,0.01
MNJ013,434.8,435.8,1,0.03
MNJ013,435.8,436.8,1,0.01
MNJ013,436.8,437.8,1,0.01
MNJ013,437.8,438.8,1,0.01
MNJ013,438.8,439.8,1,0
MNJ013,439.8,440.3,0.5,0.04
MNJ013,440.3,440.8,0.5,0.12
MNJ013,440.8,441.3,0.5,0.08
MNJ013,441.3,441.8,0.5,0.08
MNJ013,441.8,442.8,1,0.07
MNJ013,442.8,443.8,1,0.01
MNJ013,443.8,444.8,1,0.01
MNJ013,444.8,445.8,1,0.08
MNJ013,445.8,446.8,1,0
MNJ013,446.8,447.3,0.5,0.01
MNJ014,34.5,35.5,1,0.002557
MNJ014,35.5,36,0.5,0.025294
MNJ014,36,37,1,0.015071
MNJ014,113.3,114.3,1,0.007003
MNJ014,114.3,114.8,0.5,0.17034
MNJ014,114.8,115.8,1,0.005424
MNJ014,128.3,129.3,1,0.007453
MNJ014,129.3,129.8,0.5,0.050784
MNJ014,129.8,130.8,1,0.000697
MNJ014,131.8,132.8,1,0.0005
MNJ014,132.8,133.8,1,0.002673
MNJ014,133.8,134.8,1,0.0005
MNJ014,134.8,135.3,0.5,0.43509
MNJ014,135.3,135.8,0.5,0.065465
MNJ014,135.8,136.8,1,0.002111
MNJ014,136.8,137.8,1,0.004233
MNJ014,137.8,138.8,1,0.004771
MNJ014,142.3,143.3,1,0.024416
MNJ014,143.3,144.3,1,0.021278
MNJ014,144.3,145.3,1,0.031185
MNJ014,145.3,145.8,0.5,0.23964
MNJ014,145.8,146.8,1,0.024598
MNJ014,146.8,147.8,1,0.014236
MNJ014,147.8,148.3,0.5,0.006225
MNJ014,148.3,148.8,0.5,0.018041
MNJ014,148.8,149.3,0.5,0.078011
MNJ014,149.3,150.3,1,0.036904
MNJ014,159.7,160.7,1,0.018726
MNJ014,160.7,161.2,0.5,0.12789
MNJ014,161.2,161.7,0.5,0.072974
MNJ014,161.7,162.3,0.6,0.001951
MNJ014,162.3,163.3,1,0.028393
MNJ014,190.3,191.3,1,0.002385
MNJ014,191.3,191.8,0.5,0.003025
MNJ014,191.8,192.3,0.5,0.15607
MNJ014,192.3,193.3,1,0.005947
MNJ014,199.3,200.3,1,0.00185
MNJ014,200.3,200.8,0.5,0.11228
MNJ014,200.8,201.3,0.5,0.14386
MNJ014,201.3,201.8,0.5,0.10775
MNJ014,201.8,202.3,0.5,0.22757
MNJ014,202.3,203.3,1,0.019103
MNJ014,215.3,216.3,1,0.001598
MNJ014,216.3,216.8,0.5,0.033597
MNJ014,216.8,217.3,0.5,0.20459
MNJ014,217.3,217.8,0.5,0.40219
MNJ014,217.8,218.3,0.5,0.005496
MNJ014,218.3,219.3,1,0.000882
MNJ014,306.3,307.3,1,0.006339
MNJ014,307.3,307.8,0.5,0.010465
MNJ014,307.8,308.3,0.5,0.17166
MNJ014,308.3,309.3,1,0.032447
MNJ014,392.3,393.3,1,0.00784
MNJ014,393.3,393.8,0.5,0.092165
MNJ014,393.8,394.3,0.5,0.010436
MNJ014,394.3,394.8,0.5,0.0702
MNJ014,394.8,395.8,1,0.00088
MNJ014,398.3,399.3,1,0.011664
MNJ014,399.3,400.3,1,0.005236
MNJ014,400.3,401.3,1,0.045757
MNJ014,401.3,401.8,0.5,0.055559
MNJ014,401.8,402.3,0.5,0.014689
MNJ014,402.3,403.3,1,0.025395
MNJ014,403.3,403.8,0.5,0.005132
MNJ014,403.8,404.3,0.5,0.14223
MNJ014,404.3,404.8,0.5,0.12845
MNJ014,404.8,405.3,0.5,0.16385
MNJ014,405.3,406.3,1,0.024171
MNJ014,406.3,407.3,1,0.002621
MNJ014,407.3,408.3,1,0.002363
MNJ014,432.1,433.1,1,0.0005
MNJ014,433.1,433.6,0.5,0.048129
MNJ014,433.6,434.6,1,0.005949
MNJ014,435.8,436.8,1,0.00292
MNJ014,436.8,437.3,0.5,0.079339
MNJ014,437.3,438.3,1,0.006823
MNJ014,482.3,483.3,1,0.001319
MNJ014,483.3,484.3,1,0.0005
MNJ014,484.3,485.3,1,0.004374
MNJ014,485.3,485.8,0.5,1.2739
MNJ014,485.8,486.3,0.5,0.030164
MNJ014,486.3,487.3,1,0.030464
MNJ014,487.3,488.3,1,0.009753
MNJ014,488.3,489.3,1,0.0005
MNJ014,494.3,495.3,1,0.001139
MNJ014,495.3,495.8,0.5,0.065526
MNJ014,495.8,496.3,0.5,0.018965
MNJ014,496.3,497.3,1,0.014378
MNJ014,500.3,501.3,1,0.0005
MNJ014,501.3,502.3,1,0.005878
MNJ014,502.3,503.3,1,0.0005
MNJ014,503.3,503.8,0.5,0.14248
MNJ014,503.8,504.3,0.5,0.020527
MNJ014,504.3,505.3,1,0.0005
MNJ014,505.3,506.3,1,0.000868
MNJ014,506.3,507.3,1,0.0005
MNJ014,515.8,516.8,1,0.011625
MNJ014,516.8,517.3,0.5,0.010472
MNJ014,517.3,517.8,0.5,0.09294
MNJ014,517.8,518.8,1,0.012301
MNJ014,525.6,526.6,1,0.012356
MNJ014,526.6,527.6,1,0.000634
MNJ014,527.6,528.3,0.7,0.12735
MNJ014,528.3,528.8,0.5,0.1108
MNJ014,528.8,529.3,0.5,0.11057
MNJ014,529.3,529.8,0.5,0.24265
MNJ014,529.8,530.3,0.5,0.14194
MNJ014,530.3,530.8,0.5,0.2916
MNJ014,530.8,531.3,0.5,0.21011
MNJ014,531.3,532.3,1,0.039374
MNJ014,532.3,533.3,1,0.054828
MNJ014,533.3,533.8,0.5,0.18004
MNJ014,533.8,534.3,0.5,0.12425
MNJ014,534.3,535.3,1,0.024053
MNJ014,535.3,536.3,1,0.002044
MNJ014,539.3,540.3,1,0.000621
MNJ014,540.3,540.8,0.5,0.0005
MNJ014,540.8,541.3,0.5,0.042669
MNJ014,541.3,542.3,1,0.015415
MNJ014,553.3,554.3,1,0.000521
MNJ014,554.3,555.3,1,0.02664
MNJ014,555.3,556.3,1,0.016659
MNJ014,556.30,556.80,0.50,0.18
MNJ014,556.80,557.30,0.50,0.31
MNJ014,557.3,558.3,1,0.018463
MNJ014,558.3,558.8,0.5,0.14396
MNJ014,558.8,559.3,0.5,0.023067
MNJ014,559.3,560.3,1,0.021279
MNJ014,560.3,561.3,1,0.007887
MNJ014,561.3,562.3,1,0.000614
MNJ014,611.3,612.3,1,0.088383
MNJ014,612.3,612.8,0.5,0.2156
MNJ014,612.8,613.3,0.5,0.10495
MNJ014,613.3,614.3,1,0.039174
MNJ015,194.3,195.3,1,0.006095
MNJ015,195.3,195.8,0.5,0.067887
MNJ015,195.8,196.3,0.5,0.048081
MNJ015,196.3,196.8,0.5,0.056859
MNJ015,196.8,197.3,0.5,0.026747
MNJ015,197.3,198.3,1,0.002508
MNJ015,297.3,298.3,1,0.006112
MNJ015,298.3,298.8,0.5,0.001193
MNJ015,298.8,299.3,0.5,0.13129
MNJ015,299.3,300.3,1,0.017391
MNJ015,346.3,347.3,1,0.066341
MNJ015,347.3,347.8,0.5,0.29521
MNJ015,347.8,348.3,0.5,0.033487
MNJ015,348.3,349.3,1,0.010611
MNJ015,385.3,386.3,1,0.001578
MNJ015,386.3,387.3,1,0.000923
MNJ015,387.3,388.3,1,0.002016
MNJ015,388.3,388.8,0.5,0.1754
MNJ015,388.8,389.3,0.5,0.00811
MNJ015,389.3,390.3,1,0.044853
MNJ015,390.3,391.3,1,0.000777
MNJ015,391.3,392.3,1,0.002047
MNJ015,436.3,437.3,1,0.0005
MNJ015,437.3,438.3,1,0.001578
MNJ015,438.3,439.3,1,0.00986
MNJ015,439.3,439.8,0.5,0.11945
MNJ015,439.8,440.3,0.5,0.009618
MNJ015,440.3,441.3,1,0.00434
MNJ015,441.3,442.3,1,0.001186
MNJ015,442.3,443.3,1,0.007362
MNJ015,449.8,450.8,1,0.00474
MNJ015,450.8,451.8,1,0.006891
MNJ015,451.8,452.8,1,0.062816
MNJ015,452.8,453.3,0.5,0.11489
MNJ015,453.3,453.8,0.5,0.25445
MNJ015,453.8,454.3,0.5,0.56559
MNJ015,454.3,454.8,0.5,0.40193
MNJ015,454.8,455.3,0.5,0.51549
MNJ015,455.3,455.8,0.5,0.71183
MNJ015,455.8,456.3,0.5,0.32993
MNJ015,456.3,456.8,0.5,0.059698
MNJ015,456.8,457.3,0.5,0.031746
MNJ015,457.3,458.3,1,0.039287
MNJ015,458.3,459.3,1,0.010979
MNJ015,459.3,460.3,1,0.003726
MNJ016,84.8,85.8,1,0.004
MNJ016,85.8,86.8,1,0.003
MNJ016,86.8,87.8,1,0.003
MNJ016,87.8,88.3,0.5,0.199
MNJ016,88.3,89.3,1,0.002
MNJ016,89.3,90.3,1,0.002
MNJ016,195.3,196.3,1,0.002
MNJ016,196.3,197.3,1,0.004
MNJ016,197.3,198.3,1,0.034
MNJ016,234.6,235.6,1,0.001
MNJ016,235.6,236.6,1,0.001
MNJ016,236.6,237.6,1,0.001
MNJ016,237.6,238.1,0.45,0.184
MNJ016,238.1,238.5,0.45,0.412
MNJ016,238.5,239.4,0.9,0.023
MNJ016,239.4,240.3,0.9,0.002
MNJ016,240.3,241.3,1,0.001
MNJ016,267.3,268.3,1,0.023
MNJ016,268.3,269.3,1,0.001
MNJ016,269.3,270.3,1,0.001
MNJ016,270.3,270.8,0.5,0.411
MNJ016,270.8,271.3,0.5,0.608
MNJ016,271.3,272.3,1,0.005
MNJ016,272.3,273.3,1,0.017
MNJ016,273.3,274.3,1,0.005
MNJ016,313.3,314.3,1,0.001
MNJ016,314.3,315.3,1,0.001
MNJ016,315.3,316.3,1,0.009
MNJ016,316.3,316.8,0.5,0.646
MNJ016,316.8,317.3,0.5,0.256
MNJ016,317.3,317.8,0.5,0.338
MNJ016,317.8,318.3,0.5,0.141
MNJ016,318.3,318.8,0.5,1.399
MNJ016,318.8,319.3,0.5,0.132
MNJ016,319.3,320.3,1,0.118
MNJ016,320.3,321.3,1,0.004
MNJ016,321.3,321.8,0.5,0.013
MNJ016,321.8,322.3,0.5,0.095
MNJ016,322.3,322.8,0.5,0.018
MNJ016,322.8,323.3,0.5,0.076
MNJ016,323.3,323.8,0.5,0.181
MNJ016,323.8,324.8,1,0.009
MNJ016,357.3,358.3,1,0.003
MNJ016,358.3,359.3,1,0.023
MNJ016,359.3,359.8,0.5,0.491
MNJ016,359.8,360.3,0.5,0.005
MNJ016,360.3,361.3,1,0.013
MNJ016,361.3,361.8,0.5,0.012
MNJ016,361.8,362.3,0.5,0.131
MNJ016,362.3,362.8,0.5,0.029
MNJ016,362.8,363.3,0.5,0.145
MNJ016,363.3,364.3,1,0.059
MNJ016,364.3,365.3,1,0.02
MNJ016,365.3,365.8,0.5,0.082
MNJ016,365.8,366.3,0.5,0.46
MNJ016,366.3,366.8,0.5,0.478
MNJ016,366.8,367.3,0.5,0.018
MNJ016,367.3,368.3,1,0.022
MNJ016,368.3,369.3,1,0.004
MNJ016,378.3,379.3,1,0.001
MNJ016,379.3,380.3,1,0.01
MNJ016,380.3,381.3,1,0.038
MNJ016,381.3,382.3,1,0.021
MNJ016,382.3,383.3,1,0.007
MNJ016,387.3,388.3,1,0.006
MNJ016,388.3,388.8,0.5,0.166
MNJ016,388.8,389.3,0.5,0.032
MNJ016,389.3,390.3,1,0.034
MNJ016,390.3,391.3,1,0.016
MNJ016,391.3,392.3,1,0.01
MNJ016,392.3,393.3,1,0.02
MNJ016,396.3,397.3,1,0.001
MNJ016,397.3,398.3,1,0.003
MNJ016,398.3,399.3,1,0.01
MNJ016,401.3,402.3,1,0.002
MNJ016,402.3,403.3,1,0.076
MNJ016,403.3,404.3,1,0.003
MNJ016,404.3,404.8,0.5,0.013
MNJ016,404.8,405.3,0.5,0.64
MNJ016,405.3,406.3,1,0.016
MNJ016,406.3,407.3,1,0.005
MNJ016,407.3,408.3,1,0.005
MNJ016,408.3,409.3,1,0.005
MNJ016,409.3,409.8,0.5,0.025
MNJ016,409.8,410.3,0.5,0.252
MNJ016,410.3,410.8,0.5,1.446
MNJ016,410.8,411.3,0.5,0.157
MNJ016,411.3,411.8,0.5,0.084
MNJ016,411.8,412.3,0.5,0.07
MNJ016,412.3,412.8,0.5,0.226
MNJ016,412.8,413.3,0.5,0.011
MNJ016,413.3,414.3,1,0.077
MNJ016,414.3,415.3,1,0.008
MNJ016,415.3,416.3,1,0.005
MNJ016,416.3,417.3,1,0.004
MNJ016,432.3,433.3,1,0.009
MNJ016,433.3,433.8,0.5,0.044
MNJ016,433.8,434.8,1,0.006
MNJ016,434.8,435.3,0.5,0.011
MNJ016,435.3,435.8,0.5,0.019
MNJ016,435.8,436.3,0.5,0.111
MNJ016,436.3,437.3,1,0.011
MNJ016,437.3,438.3,1,0.006
MNJ016,438.3,439.3,1,0.026
MNJ016,439.3,439.8,0.5,0.613
MNJ016,439.8,440.3,0.5,0.127
MNJ016,440.3,441.3,1,0.052
MNJ016,441.3,442.3,1,0.024
MNJ016,442.3,443.3,1,0.008
MNJ016,443.3,444.3,1,0.008
MNJ016,451.3,452.3,1,0.095
MNJ016,452.3,453.3,1,0.009
MNJ016,453.3,454.3,1,0.012
MNJ016,454.3,455.3,1,0.014
MNJ016,455.3,456.3,1,0.011
MNJ016,456.3,457.3,1,0.051
MNJ016,457.3,457.8,0.5,2.033
MNJ016,457.8,458.3,0.5,1.145
MNJ016,458.3,458.8,0.5,0.338
MNJ016,458.8,459.3,0.5,0.011
MNJ016,459.3,460.3,1,0.019
MNJ016,460.3,461.3,1,0.044
MNJ016,461.3,461.8,0.5,0.058
MNJ016,461.8,462.3,0.5,0.266
MNJ016,462.3,463.3,1,0.044
MNJ016,463.3,464.3,1,0.034
MNJ016,464.3,465.3,1,0.225
MNJ016,469.3,470.3,1,0.013
MNJ016,470.3,470.8,0.5,0.183
MNJ016,470.8,471.3,0.5,0.003
MNJ016,471.3,471.8,0.5,0.023
MNJ016,471.8,472.3,0.5,0.138
MNJ016,472.3,472.8,0.5,0.138
MNJ016,472.8,473.3,0.5,0.026
MNJ016,473.3,474.3,1,0.023
MNJ016,474.3,475.3,1,0.003
MNJ016,475.3,476.3,1,0.002
MNJ016,495.3,496.3,1,0.014
MNJ016,496.3,497.3,1,0.006
MNJ016,497.3,498.3,1,0.012
MNJ016,498.3,498.8,0.5,1.247
MNJ016,498.8,499.8,1,0.014
MNJ016,499.8,500.8,1,0.015
MNJ016,500.8,501.8,1,0.133
MNJ016,504.3,505.3,1,0.023
MNJ016,505.3,506.3,1,0.078
MNJ016,506.3,507.3,1,0.394
MNJ016,507.3,507.8,0.5,0.109
MNJ016,507.8,508.3,0.5,0.029
MNJ016,508.3,509.3,1,0.009
MNJ016,509.3,510.3,1,0.055
MNJ016,510.3,511.3,1,0.038
MNJ016,522.3,523.3,1,0.026
MNJ016,523.3,524.3,1,0.012
MNJ016,524.3,525.3,1,0.024
MNJ016,525.3,525.8,0.5,0.198
MNJ016,525.8,526.3,0.5,0.348
MNJ016,526.3,526.8,0.5,0.12
MNJ016,526.8,527.3,0.5,0.176
MNJ016,527.3,528.3,1,0.032
MNJ016,528.3,529.3,1,0.052
MNJ016,529.3,530.3,1,0.027
MNJ016,530.3,530.8,0.5,0.014
MNJ016,530.8,531.3,0.5,0.17
MNJ016,531.3,532.3,1,0.101
MNJ016,532.3,532.8,0.5,0.035
MNJ016,532.8,533.3,0.5,0.308
MNJ016,533.3,534.3,1,0.139
MNJ016,534.3,535.3,1,0.124
MNJ016,535.3,536.3,1,0.011
MNJ016,536.3,537.3,1,0.054
MNJ017,134.3,135.3,1,0.0266
MNJ017,135.3,136.3,1,0.0083
MNJ017,136.3,136.8,0.5,0.0425
MNJ017,136.8,137.3,0.5,0.4891
MNJ017,137.3,137.8,0.5,1.3206
MNJ017,137.8,138.3,0.5,0.0681
MNJ017,138.3,138.8,0.5,0.1155
MNJ017,138.8,139.3,0.5,0.0679
MNJ017,139.3,140.3,1,0.0296
MNJ017,140.3,141.3,1,0.0029
MNJ017,165.3,166.3,1,0.0519
MNJ017,166.3,167.3,1,0.0211
MNJ017,167.3,167.8,0.5,0.1663
MNJ017,167.8,168.3,0.5,0.008
MNJ017,168.3,168.8,0.5,0.0037
MNJ017,168.8,169.3,0.5,0.6379
MNJ017,169.3,169.8,0.5,0.0855
MNJ017,169.8,170.3,0.5,0.0153
MNJ017,170.3,170.8,0.5,0.1229
MNJ017,170.8,171.3,0.5,0.0043
MNJ017,171.3,171.8,0.5,0.0569
MNJ017,171.8,172.3,0.5,0.0033
MNJ017,172.3,172.8,0.5,0.0352
MNJ017,172.8,173.3,0.5,0.0032
MNJ017,173.3,174.3,1,0.0236
MNJ017,174.3,175.3,1,0.0144
MNJ017,191.3,192.3,1,0.0012
MNJ017,192.3,193.3,1,0.0029
MNJ017,193.3,193.8,0.5,0.0005
MNJ017,193.8,194.3,0.5,0.5801
MNJ017,194.3,195.3,1,0.016
MNJ017,195.3,196.3,1,0.0206
MNJ017,219.3,220.3,1,0.0075
MNJ017,220.3,221.3,1,0.1304
MNJ017,221.3,221.8,0.5,0.1817
MNJ017,221.8,222.3,0.5,0.0375
MNJ017,222.3,223.3,1,0.087
MNJ017,223.3,224.3,1,0.0112
MNJ017,320.3,321.3,1,0.0013
MNJ017,321.3,322.3,1,0.0053
MNJ017,322.3,322.8,0.5,0.209
MNJ017,322.8,323.3,0.5,0.003
MNJ017,323.3,324.3,1,0.0097
MNJ017,324.3,325.3,1,0.0023
MNJ017,431.3,432.3,1,0.0038
MNJ017,432.3,433.3,1,0.0006
MNJ017,433.3,433.8,0.5,0.0038
MNJ017,433.8,434.3,0.5,0.0367
MNJ017,434.3,434.8,0.5,0.0748
MNJ017,434.8,435.3,0.5,0.0732
MNJ017,435.3,436.3,1,0.0123
MNJ017,436.3,437.3,1,0.0055
MNJ017,437.3,438.3,1,0.0277
MNJ017,438.3,439.3,1,0.0083
MNJ017,439.3,440.3,1,0.0046
MNJ017,486.3,487.3,1,0.0005
MNJ017,487.3,488.3,1,0.0006
MNJ017,488.3,488.8,0.5,0.0801
MNJ017,488.8,489.3,0.5,0.028
MNJ017,489.3,490.3,1,0.0044
MNJ017,490.3,490.8,0.5,0.0581
MNJ017,490.8,491.8,1,0.0153
MNJ017,491.8,492.3,0.5,0.0247
MNJ017,492.3,492.8,0.5,0.0426
MNJ017,492.8,493.3,0.5,0.0129
MNJ017,493.3,494.3,1,0.0043
MNJ017,494.3,495.3,1,0.0026